19.66572,20.14963,20.71193,0.03043
19.66246,20.14963,20.71193,0.01521
19.66246,20.15614,20.71193,0.03043
19.66246,20.15614,20.70542,0.03043
19.66246,20.16265,20.70868,0.04565
19.66246,20.15614,20.71193,0.03043
19.6592,20.16265,20.71193,0.01521
19.66897,20.15614,20.70868,0.03043
19.66246,20.14963,20.71193,0.03043
19.65595,20.15614,20.71193,0.04565
19.6592,20.16265,20.69891,0.06086
19.66246,20.15614,20.68588,0.01521
19.66897,20.15614,20.68263,0.03043
19.66246,20.15939,20.68588,0.03043
19.66572,20.15614,20.6924,0.07608
19.66572,20.15614,20.68588,0.06086
19.66897,20.15614,20.68914,0.09129
19.66897,20.15614,20.6924,0.06086
19.66897,20.15614,20.68914,0.07608
19.66897,20.15939,20.68588,0.10651
19.66572,20.15614,20.6924,0.09129
19.66572,20.15614,20.68588,0.07608
19.66897,20.15614,20.68588,0.09129
19.66897,20.15614,20.67937,0.09129
19.66572,20.15614,20.68588,0.06086
19.66572,20.14963,20.68588,0.12172
19.66246,20.16265,20.6924,0.16737
19.66572,20.15614,20.68263,0.15215
19.66897,20.15614,20.6924,0.12172
19.66246,20.16265,20.68588,0.15215
19.66572,20.15614,20.68588,0.16737
19.66572,20.16265,20.68914,0.13694
19.64618,20.16265,20.6924,0.15215
19.63966,20.15288,20.68588,0.16737
19.63966,20.16265,20.68914,0.15215
19.64292,20.15614,20.68914,0.16737
19.64292,20.15614,20.68263,0.1978
19.63641,20.15614,20.68588,0.15215
19.64292,20.14963,20.68588,0.18258
19.64292,20.15614,20.68588,0.16737
19.64292,20.15288,20.68588,0.18258
19.64292,20.15614,20.68588,0.16737
19.64292,20.15614,20.68588,0.18258
19.64943,20.15614,20.68588,0.1978
19.64292,20.15614,20.68588,0.21302
19.64292,20.15288,20.68914,0.22823
19.63641,20.15288,20.68588,0.24345
19.64943,20.15939,20.6924,0.25866
19.64292,20.15939,20.68588,0.28909
19.64292,20.15614,20.68588,0.27388
19.64292,20.15614,20.68588,0.25866
19.63641,20.15939,20.67937,0.28909
19.64292,20.15614,20.67286,0.27388
19.64292,20.15614,20.67937,0.27388
19.64292,20.15939,20.67937,0.30431
19.64292,20.15614,20.68263,0.31952
19.64292,20.15614,20.67937,0.31952
19.64292,20.15614,20.67937,0.33474
19.64292,20.15614,20.67286,0.34996
19.64292,20.15939,20.67937,0.36517
19.63966,20.16265,20.67286,0.36517
19.64292,20.15614,20.68263,0.42603
19.64292,20.15614,20.67612,0.44125
19.64292,20.15614,20.67937,0.44125
19.63966,20.15614,20.67937,0.47168
19.63641,20.15614,20.67937,0.51733
19.63641,20.15939,20.67937,0.54776
19.64292,20.15939,20.67937,0.53254
19.64292,20.15614,20.67286,0.54776
19.64292,20.16265,20.67937,0.60862
19.63641,20.15614,20.6696,0.5934
19.63641,20.14637,20.67612,0.57819
19.63641,20.14963,20.67937,0.62383
19.63641,20.16265,20.68588,0.65427
19.64292,20.15614,20.67937,0.65427
19.64292,20.15614,20.67286,0.69991
19.63641,20.15614,20.67612,0.73034
19.64292,20.1366,20.67937,0.76077
19.63641,20.13335,20.68263,0.77599
19.63641,20.13335,20.67937,0.7912
19.64292,20.13009,20.67937,0.7912
19.64292,20.13335,20.67937,0.82164
19.64618,20.13335,20.67286,0.85207
19.64292,20.12358,20.67937,0.8825
19.64292,20.13335,20.67286,0.89771
19.64292,20.1366,20.67286,0.91293
19.63966,20.1366,20.67286,0.97379
19.63641,20.13335,20.6696,1.03465
19.63966,20.13009,20.67286,1.03465
19.64292,20.1366,20.67612,1.06508
19.64292,20.13009,20.64681,1.06508
19.64618,20.13009,20.64681,1.11073
19.64292,20.13009,20.64681,1.12595
19.64292,20.13335,20.64681,1.15638
19.64292,20.13009,20.6403,1.17159
19.64292,20.13009,20.65007,1.17159
19.63966,20.12684,20.65007,1.24767
19.64943,20.12684,20.65007,1.2781
19.64292,20.1366,20.64681,1.2781
19.64292,20.1366,20.65332,1.30853
19.63966,20.13009,20.64681,1.35418
19.64292,20.12684,20.64681,1.38461
19.63315,20.13009,20.64681,1.41504
19.63641,20.1366,20.65007,1.46069
19.63641,20.13335,20.65007,1.49112
19.63641,20.12684,20.64681,1.52155
19.63641,20.13009,20.64356,1.53676
19.63641,20.12684,20.64356,1.55198
19.64292,20.13009,20.64681,1.61284
19.64292,20.13335,20.64681,1.61284
19.63641,20.13335,20.65332,1.6737
19.64292,20.13009,20.65007,1.68892
19.61687,20.1366,20.64681,1.73457
19.62012,20.1366,20.65007,1.765
19.62989,20.13009,20.6403,1.765
19.61361,20.1366,20.64681,1.82586
19.62012,20.1366,20.64681,1.85629
19.62338,20.13335,20.6403,1.88672
19.61687,20.13009,20.64681,1.94758
19.62338,20.13986,20.64681,1.9628
19.62338,20.12684,20.65007,1.97801
19.62338,20.13335,20.64681,2.03888
19.62338,20.13335,20.64681,2.06931
19.62012,20.13335,20.64681,2.05409
19.62338,20.13986,20.65007,2.13017
19.62664,20.1366,20.64681,2.17582
19.62012,20.13009,20.64681,2.17582
19.61687,20.13335,20.6403,2.20625
19.62338,20.13009,20.64681,2.25189
19.61687,20.13009,20.6403,2.28232
19.61687,20.13335,20.64681,2.31276
19.61687,20.1366,20.64356,2.34319
19.61687,20.1366,20.64681,2.40405
19.61687,20.12684,20.64681,2.44969
19.62012,20.13009,20.64681,2.46491
19.62664,20.13335,20.65007,2.49534
19.61687,20.13009,20.65007,2.54099
19.62012,20.1366,20.64681,2.57142
19.62012,20.1366,20.64681,2.58663
19.62338,20.13335,20.65007,2.61707
19.62664,20.13009,20.64681,2.69314
19.62012,20.1366,20.64681,2.69314
19.62338,20.13335,20.6403,2.73879
19.62338,20.1366,20.65332,2.76922
19.61687,20.1366,20.64681,2.79965
19.62338,20.13009,20.65332,2.81487
19.62012,20.13009,20.64681,2.89094
19.62012,20.13009,20.65332,2.87573
19.62338,20.1366,20.65007,2.95181
19.62338,20.13335,20.64681,2.98224
19.61687,20.13335,20.64681,3.01267
19.62338,20.13335,20.64681,3.01267
19.62338,20.13009,20.65007,3.0431
19.62338,20.13009,20.65332,3.10396
19.62338,20.13335,20.65007,3.13439
19.61687,20.1366,20.64681,3.16482
19.62664,20.13335,20.65007,3.19525
19.61687,20.13009,20.64681,3.25612
19.62664,20.12684,20.64681,3.28655
19.62338,20.1366,20.64356,3.31698
19.61687,20.13009,20.64681,3.34741
19.62338,20.1366,20.64681,3.37784
19.62338,20.13009,20.6403,3.39306
19.62338,20.13009,20.65007,3.40827
19.62338,20.13335,20.65007,3.46913
19.62664,20.1366,20.64681,3.48435
19.62012,20.14311,20.64356,3.52999
19.62338,20.13009,20.63704,3.52999
19.61687,20.13335,20.6403,3.60607
19.61035,20.13335,20.63379,3.6365
19.61687,20.13009,20.63704,3.60607
19.62338,20.1366,20.63704,3.68215
19.62338,20.13009,20.62728,3.71258
19.61687,20.13335,20.6403,3.77344
19.61035,20.13335,20.6403,3.80387
19.62338,20.13986,20.63379,3.8343
19.62338,20.13009,20.6403,3.86474
19.62338,20.13009,20.6403,3.89517
19.62338,20.13009,20.6403,3.94081
19.61361,20.13009,20.6403,3.98646
19.61687,20.13009,20.6403,4.00167
19.61687,20.13335,20.63704,4.01689
19.62012,20.13009,20.63379,4.04732
19.62338,20.1366,20.63704,4.10818
19.62338,20.13009,20.6403,4.10818
19.62338,20.14311,20.63704,4.13862
19.62012,20.16265,20.6403,4.19948
19.62338,20.16265,20.6403,4.22991
19.61687,20.15939,20.6403,4.26034
19.61687,20.15614,20.64356,4.29077
19.62012,20.15614,20.64356,4.35163
19.62338,20.15614,20.64681,4.38206
19.62664,20.15614,20.6403,4.41249
19.64292,20.14637,20.63704,4.44293
19.64292,20.15939,20.63379,4.47336
19.63641,20.1659,20.63704,4.53422
19.63966,20.15614,20.6403,4.53422
19.63966,20.15614,20.6403,4.6103
19.64292,20.17241,20.63704,4.67116
19.64292,20.18218,20.64356,4.68637
19.64292,20.18218,20.63704,4.68637
19.64292,20.17567,20.63379,4.70159
19.63966,20.17241,20.6403,4.7168
19.63966,20.17241,20.62076,4.77767
19.63641,20.17567,20.61425,4.79288
19.64292,20.17892,20.60774,4.83853
19.64292,20.17567,20.60774,4.88417
19.64292,20.16916,20.61751,4.91461
19.64618,20.17892,20.61425,4.96025
19.65269,20.19195,20.61099,4.97547
19.67223,20.19195,20.61425,5.02111
19.66572,20.1952,20.61425,5.03633
19.66246,20.20171,20.61425,5.08198
19.6592,20.20171,20.62076,5.11241
19.66246,20.19846,20.62076,5.14284
19.66246,20.20171,20.61425,5.18849
19.66897,20.20171,20.61751,5.23413
19.66246,20.21148,20.61425,5.24935
19.65595,20.21799,20.61425,5.29499
19.66246,20.22124,20.61099,5.35586
19.67223,20.22124,20.61425,5.37107
19.66246,20.22124,20.61099,5.4015
19.67549,20.22775,20.61425,5.4015
19.682,20.2245,20.61425,5.44715
19.682,20.23427,20.61425,5.47758
19.67549,20.23101,20.61425,5.4928
19.682,20.23101,20.61425,5.55366
19.67874,20.23101,20.62076,5.58409
19.68851,20.23427,20.61751,5.58409
19.682,20.24078,20.60774,5.62973
19.67549,20.24729,20.61425,5.66017
19.67874,20.23427,20.61425,5.72103
19.682,20.24403,20.61425,5.73624
19.67549,20.24078,20.61425,5.76667
19.682,20.24078,20.62076,5.7971
19.682,20.23752,20.61425,5.84275
19.682,20.24403,20.61425,5.87318
19.67874,20.26031,20.60774,5.93404
19.68526,20.26031,20.61425,5.94926
19.682,20.26356,20.60774,5.97969
19.682,20.26031,20.61425,6.04055
19.682,20.26682,20.61425,6.02534
19.67549,20.26682,20.61425,6.0862
19.71457,20.26031,20.60774,6.11663
19.72108,20.28635,20.61425,6.14706
19.71782,20.28635,20.61425,6.19271
19.70805,20.28635,20.61425,6.22314
19.72108,20.29612,20.61099,6.23835
19.72108,20.31239,20.60774,6.26878
19.72434,20.30263,20.61425,6.29922
19.72759,20.30588,20.61099,6.32965
19.72759,20.30588,20.61425,6.36008
19.72759,20.30914,20.61425,6.40572
19.72108,20.29937,20.61425,6.45137
19.73411,20.32542,20.62076,6.46659
19.74387,20.32542,20.61425,6.51223
19.74713,20.32216,20.61425,6.54266
19.75039,20.32867,20.61751,6.57309
19.74713,20.33193,20.61425,6.63396
19.75039,20.34495,20.61099,6.66439
19.74713,20.34495,20.61425,6.66439
19.74387,20.34495,20.61425,6.72525
19.74713,20.34495,20.60774,6.75568
19.74062,20.34495,20.61425,6.75568
19.74713,20.35146,20.60774,6.78611
19.76993,20.37099,20.60774,6.84697
19.76667,20.36774,20.61425,6.89262
19.76993,20.36774,20.61425,6.90784
19.77318,20.37099,20.61425,6.9687
19.77318,20.3775,20.61099,6.99913
19.77318,20.3775,20.62076,7.02956
19.79598,20.3775,20.61751,7.05999
19.79598,20.3775,20.61425,7.07521
19.79272,20.38401,20.61751,7.10564
19.79272,20.40029,20.61099,7.15128
19.79272,20.39378,20.61425,7.18172
19.79272,20.39703,20.60774,7.22736
19.81226,20.41006,20.62076,7.24258
19.81552,20.41657,20.59472,7.28822
19.81226,20.41006,20.59472,7.33387
19.81552,20.41006,20.5882,7.33387
19.81226,20.42308,20.59797,7.3643
19.81226,20.4361,20.59472,7.39473
19.8318,20.4361,20.59472,7.39473
19.8318,20.44912,20.5882,7.45559
19.8318,20.44261,20.59472,7.51646
19.82529,20.44586,20.5882,7.51646
19.8318,20.44912,20.59472,7.54689
19.84157,20.46865,20.59472,7.62297
19.8546,20.46865,20.5882,7.6534
19.85786,20.47516,20.59797,7.69904
19.8546,20.46865,20.5882,7.72947
19.8546,20.47842,20.5882,7.72947
19.8546,20.48167,20.5882,7.72947
19.85134,20.4947,20.59472,7.79034
19.85134,20.50772,20.5882,7.80555
19.86437,20.50446,20.59146,7.83598
19.86111,20.50772,20.59472,7.88163
19.85786,20.50772,20.59146,7.89684
19.85134,20.50772,20.59472,7.91206
19.85134,20.53376,20.5882,7.94249
19.86437,20.53376,20.59472,7.97292
19.87414,20.5305,20.59472,8.01857
19.8774,20.54678,20.5882,8.03378
19.88065,20.55655,20.5882,8.07943
19.8774,20.57282,20.59472,8.12508
19.88391,20.57282,20.59472,8.14029
19.89368,20.57608,20.59472,8.17072
19.89693,20.57934,20.59472,8.18594
19.89368,20.57608,20.59472,8.26202
19.90345,20.57934,20.5882,8.2468
19.89693,20.58259,20.59472,8.32288
19.92299,20.5891,20.5882,8.35331
19.90996,20.60538,20.59472,8.36852
19.91647,20.60212,20.59472,8.39896
19.91647,20.60863,20.59146,8.41417
19.92299,20.61189,20.59472,8.45982
19.94253,20.6184,20.59146,8.49025
19.94253,20.61514,20.5882,8.53589
19.94253,20.61514,20.59146,8.52068
19.94253,20.62491,20.5882,8.55111
19.95555,20.64119,20.59472,8.55111
19.96207,20.64444,20.59472,8.59676
19.96207,20.65746,20.59146,8.6424
19.96207,20.65746,20.59472,8.67283
19.96207,20.66397,20.59146,8.68805
19.97509,20.67048,20.59472,8.70326
19.98161,20.677,20.59797,8.7337
19.98161,20.68351,20.59797,8.79456
19.98161,20.69002,20.5882,8.79456
19.97509,20.69002,20.59472,8.85542
19.97835,20.70629,20.60123,8.87064
19.98161,20.70955,20.59146,8.88585
19.99463,20.71606,20.59472,8.91628
20.00766,20.70955,20.59797,8.9315
20.00115,20.71932,20.59146,8.94671
20.00115,20.73559,20.5882,8.97715
20.02069,20.73559,20.59146,9.00758
20.02394,20.73559,20.59472,9.03801
20.02069,20.73885,20.57192,9.06844
20.02069,20.7421,20.57518,9.09887
20.02069,20.75513,20.57518,9.09887
20.0272,20.76164,20.57518,9.1293
20.02069,20.75513,20.57192,9.14452
20.02394,20.76164,20.57518,9.19016
20.02394,20.78117,20.57192,9.23581
20.04674,20.79093,20.57192,9.22059
20.04674,20.79745,20.57192,9.25102
20.04674,20.80395,20.57518,9.25102
20.04674,20.80721,20.56867,9.31189
20.06953,20.82023,20.57518,9.34232
20.06628,20.82674,20.57192,9.31189
20.06628,20.83325,20.57518,9.34232
20.0793,20.83651,20.57518,9.38796
20.08907,20.83651,20.56867,9.43361
20.08907,20.85279,20.57518,9.43361
20.09233,20.85604,20.57518,9.44883
20.09233,20.8593,20.57518,9.49447
20.11187,20.86255,20.57518,9.49447
20.10861,20.87883,20.56867,9.55533
20.10536,20.87557,20.57518,9.58577
20.11187,20.89836,20.57518,9.58577
20.1249,20.89511,20.57192,9.60098
20.12164,20.89185,20.57192,9.63141
20.1249,20.88534,20.56867,9.66184
20.1249,20.91464,20.57518,9.69227
20.13466,20.91789,20.57518,9.70749
20.15746,20.92766,20.57518,9.70749
20.15095,20.9244,20.57518,9.73792
20.15095,20.9244,20.57518,9.73792
20.15095,20.93417,20.56867,9.79878
20.14444,20.94394,20.57518,9.79878
20.16398,20.95696,20.57192,9.82921
20.16723,20.96672,20.57843,9.87486
20.15746,20.96021,20.57518,9.89008
20.16072,20.983,20.57518,9.89008
20.16072,20.98951,20.56867,9.90529
20.177,21.00253,20.57518,9.93572
20.18026,21.00904,20.57192,9.95094
20.18351,21.02532,20.57192,9.99658
20.18026,21.02858,20.57518,9.98137
20.19328,21.02858,20.56867,9.99658
20.19328,21.03509,20.56867,10.04223
20.19654,21.04485,20.57518,10.02701
20.20957,21.04485,20.57843,10.04223
20.21608,21.05136,20.57518,10.07266
20.21608,21.06113,20.56867,10.10309
20.21934,21.07415,20.57518,10.10309
20.22585,21.08066,20.56867,10.14874
20.23562,21.08066,20.56867,10.16395
20.23562,21.09368,20.57518,10.16395
20.23562,21.09368,20.56867,10.19439
20.24213,21.09368,20.57518,10.2096
20.2519,21.10345,20.57518,10.25525
20.24865,21.10996,20.57518,10.25525
20.26167,21.14251,20.57843,10.28568
20.26167,21.13926,20.57518,10.27046
20.26819,21.12949,20.57518,10.33132
20.2747,21.14903,20.57518,10.36176
20.2747,21.15879,20.57843,10.34654
20.29424,21.17832,20.56867,10.36176
20.29098,21.17181,20.57518,10.37697
20.29424,21.17832,20.57518,10.37697
20.28772,21.19786,20.57518,10.43783
20.31378,21.20762,20.57518,10.4074
20.31378,21.21739,20.57518,10.43783
20.31378,21.21739,20.56867,10.43783
20.3268,21.2239,20.57192,10.48348
20.33332,21.23692,20.57518,10.51391
20.3268,21.22715,20.57518,10.52913
20.3268,21.24343,20.57192,10.52913
20.3268,21.24669,20.57843,10.57477
20.3496,21.24343,20.57192,10.58999
20.35286,21.24994,20.57518,10.57477
20.35286,21.25645,20.57518,10.55956
20.3724,21.26296,20.57192,10.6052
20.3724,21.28575,20.57192,10.65085
20.36588,21.29552,20.56541,10.68128
20.36588,21.28901,20.5589,10.6965
20.38217,21.28575,20.55239,10.68128
20.38217,21.29552,20.55564,10.71171
20.38542,21.30854,20.5589,10.72693
20.38217,21.31505,20.55564,10.75736
20.39194,21.32807,20.5589,10.72693
20.40496,21.33133,20.55564,10.75736
20.40822,21.33133,20.55564,10.78779
20.41148,21.36062,20.56215,10.803
20.41473,21.35411,20.56215,10.803
20.4245,21.37365,20.56215,10.86387
20.41473,21.38016,20.56215,10.83344
20.41148,21.38341,20.56215,10.86387
20.43427,21.39643,20.55564,10.87908
20.43753,21.42573,20.5589,10.84865
20.43753,21.42573,20.56215,10.92473
20.45056,21.42573,20.5589,10.93994
20.45381,21.42248,20.56215,10.93994
20.45707,21.42573,20.56215,10.95516
20.45056,21.44201,20.5589,10.97037
20.46358,21.44201,20.56215,10.97037
20.47009,21.45503,20.55564,11.00081
20.46358,21.45503,20.5589,10.98559
20.49289,21.4648,20.56215,10.98559
20.49615,21.48758,20.55564,11.04645
20.48963,21.49084,20.5589,11.03124
20.50917,21.4941,20.56215,11.06167
20.50917,21.49735,20.56215,11.07688
20.50917,21.52339,20.56215,11.07688
20.50917,21.52665,20.55564,11.12253
20.52546,21.53642,20.56215,11.12253
20.53523,21.53642,20.55564,11.13775
20.53523,21.54293,20.55564,11.13775
20.53523,21.5592,20.55564,11.18339
20.53523,21.56897,20.56215,11.19861
20.53523,21.56246,20.5589,11.18339
20.54174,21.58525,20.56215,11.19861
20.56453,21.58199,20.5589,11.22904
20.56779,21.58199,20.56215,11.22904
20.56779,21.59501,20.5589,11.25947
20.56453,21.5885,20.56215,11.25947
20.58733,21.60803,20.56215,11.24425
20.58733,21.61129,20.56215,11.2899
20.58733,21.63082,20.5589,11.2899
20.59059,21.64059,20.55564,11.27468
20.60687,21.64384,20.5589,11.2899
20.61338,21.65035,20.55564,11.32033
20.60687,21.66663,20.5589,11.33555
20.62315,21.66663,20.5589,11.35076
20.62967,21.6764,20.55564,11.38119
20.63618,21.69593,20.56215,11.41163
20.64595,21.70569,20.5589,11.41163
20.63944,21.70569,20.56215,11.42684
20.63292,21.70895,20.55564,11.44206
20.64595,21.72848,20.56541,11.45727
20.65246,21.72848,20.56215,11.47249
20.65898,21.73174,20.56541,11.47249
20.65898,21.73499,20.55564,11.4877
20.66549,21.74476,20.56215,11.50292
20.68177,21.74476,20.55564,11.51813
20.67526,21.76104,20.55564,11.54856
20.672,21.76429,20.55239,11.56378
20.69154,21.7708,20.56215,11.53335
20.6948,21.7708,20.5589,11.59421
20.69154,21.78382,20.55564,11.59421
20.69154,21.79033,20.56215,11.56378
20.70457,21.79685,20.56215,11.60943
20.70457,21.80987,20.54913,11.62464
20.71108,21.81312,20.55564,11.65507
20.70457,21.81638,20.55564,11.62464
20.72085,21.84893,20.5589,11.6855
20.72411,21.83591,20.55564,11.65507
20.73062,21.84893,20.5589,11.71594
20.72736,21.85219,20.55564,11.6855
20.74365,21.87497,20.5589,11.73115
20.74365,21.87497,20.5589,11.74637
20.74365,21.87497,20.56215,11.76158
20.76319,21.89451,20.55564,11.73115
20.7697,21.90102,20.5589,11.7768
20.7697,21.90753,20.55564,11.80723
20.7925,21.92055,20.56215,11.7768
20.78598,21.93357,20.56215,11.7768
20.78924,21.93357,20.54262,11.82244
20.78924,21.93032,20.54262,11.83766
20.81204,21.93683,20.5361,11.85287
20.80878,21.94008,20.54262,11.86809
20.82181,21.96287,20.5361,11.86809
20.82832,21.95961,20.5361,11.89852
20.83158,21.95961,20.53936,11.92895
20.82832,21.96938,20.54262,11.92895
20.85437,21.99217,20.54262,11.92895
20.84786,21.98891,20.53936,11.9746
20.85112,22.00193,20.5361,11.95938
20.85437,22.00519,20.53936,11.98981
20.85437,22.01821,20.53936,12.00503
20.85763,22.01821,20.5361,12.02025
20.86089,22.02798,20.54262,12.05068
20.85437,22.03449,20.5361,12.03546
20.86414,22.04751,20.53936,12.03546
20.87065,22.06378,20.5361,12.06589
20.88042,22.06053,20.5361,12.11154
20.88694,22.05727,20.54262,12.11154
20.89345,22.08006,20.5361,12.14197
20.89671,22.09634,20.54262,12.1724
20.91299,22.10285,20.5361,12.14197
20.91299,22.09959,20.52959,12.14197
20.91299,22.1061,20.5361,12.14197
20.91299,22.10936,20.5361,12.1724
20.9195,22.11262,20.5361,12.23326
20.92276,22.12889,20.54262,12.20283
20.9195,22.12889,20.54262,12.21805
20.93904,22.12889,20.53936,12.26369
20.94556,22.1354,20.5361,12.23326
20.94556,22.1354,20.54262,12.27891
20.94556,22.14191,20.54262,12.26369
20.95858,22.16145,20.54262,12.26369
20.96835,22.17121,20.54587,12.32456
20.96835,22.15819,20.5361,12.33977
20.98464,22.17772,20.54262,12.32456
20.99115,22.18098,20.53936,12.33977
20.98464,22.18749,20.5361,12.38542
21.00418,22.21353,20.54262,12.41585
21.00743,22.22004,20.54262,12.3702
21.01069,22.22981,20.54262,12.43106
21.01069,22.22655,20.53936,12.38542
21.00418,22.22655,20.53936,12.43106
21.02371,22.24609,20.54262,12.43106
21.02697,22.24609,20.53936,12.47671
21.02697,22.25911,20.54262,12.49193
21.03023,22.26887,20.54262,12.47671
21.04325,22.25911,20.5361,12.50714
21.04977,22.27213,20.5361,12.52236
21.03674,22.27213,20.5361,12.53757
21.04325,22.27213,20.54262,12.59843
21.06931,22.27213,20.54262,12.55279
21.05628,22.29166,20.5361,12.58322
21.06279,22.30794,20.54262,12.58322
21.07582,22.31119,20.54262,12.62887
21.08233,22.30794,20.5361,12.59843
21.08233,22.32421,20.5361,12.62887
21.08233,22.34375,20.5361,12.6593
21.09536,22.33398,20.5361,12.6593
21.10187,22.35026,20.54262,12.68973
21.12141,22.36002,20.5361,12.73537
21.12141,22.36328,20.53936,12.72016
21.12141,22.36653,20.5361,12.72016
21.12141,22.36328,20.5361,12.72016
21.13118,22.37305,20.5361,12.75059
21.13444,22.39258,20.5361,12.78102
21.13118,22.38932,20.5361,12.78102
21.1377,22.40234,20.5361,12.81145
21.12141,22.41537,20.53936,12.81145
21.12793,22.40885,20.53936,12.84188
21.15724,22.41537,20.5361,12.84188
21.15398,22.42839,20.5361,12.87231
21.16049,22.42839,20.5361,12.87231
21.17026,22.42188,20.5361,12.90274
21.167,22.44141,20.5361,12.91796
21.16049,22.44792,20.5361,12.90274
21.17026,22.45443,20.54262,12.91796
21.18654,22.45117,20.5361,12.93318
21.1898,22.4642,20.54262,12.93318
21.18329,22.47071,20.5361,12.99404
21.20934,22.46745,20.5361,12.94839
21.21911,22.48698,20.5361,12.99404
21.2126,22.49349,20.54262,13.00925
21.21911,22.49349,20.54262,12.99404
21.22562,22.49349,20.53936,13.02447
21.21911,22.50652,20.53936,13.02447
21.22237,22.50977,20.5361,13.0549
21.22237,22.51954,20.5361,13.02447
21.24516,22.51303,20.52959,13.07011
21.24516,22.5293,20.5361,13.08533
21.24516,22.53256,20.5361,13.11576
21.27122,22.52605,20.53285,13.13098
21.2647,22.53907,20.5361,13.19184
21.2647,22.5586,20.53285,13.17662
21.28099,22.5586,20.5361,13.23748
21.29076,22.5586,20.5361,13.20705
21.29076,22.57488,20.53285,13.26792
21.28424,22.57488,20.5361,13.23748
21.28424,22.57813,20.5361,13.2527
21.29076,22.5879,20.53936,13.2527
21.30378,22.58139,20.53936,13.26792
21.29401,22.60743,20.5361,13.29835
21.31029,22.60418,20.5361,13.32878
21.32983,22.60092,20.5361,13.31356
21.32983,22.62371,20.53936,13.35921
21.34286,22.62371,20.54262,13.35921
21.32983,22.63022,20.54262,13.37442
21.34286,22.63999,20.5361,13.40486
21.34937,22.64324,20.5361,13.42007
21.34286,22.63999,20.54262,13.38964
21.3624,22.65626,20.54262,13.42007
21.36566,22.66277,20.54262,13.46572
21.3624,22.66277,20.54262,13.48093
21.36891,22.65952,20.5361,13.51136
21.36891,22.66928,20.53936,13.51136
21.36566,22.68556,20.54262,13.52658
21.36891,22.68882,20.54262,13.52658
21.3624,22.70835,20.53936,13.57223
21.38845,22.70184,20.53936,13.60266
21.38845,22.70184,20.5361,13.60266
21.39497,22.73114,20.54262,13.60266
21.40148,22.73114,20.5361,13.60266
21.40473,22.73439,20.53936,13.63309
21.40148,22.74416,20.54262,13.66352
21.40799,22.7409,20.53936,13.69395
21.42753,22.7409,20.53936,13.69395
21.42753,22.73765,20.53936,13.72438
21.42428,22.76044,20.5361,13.72438
21.43079,22.76369,20.53936,13.72438
21.43079,22.76695,20.53936,13.75481
21.43405,22.77671,20.53285,13.78524
21.44382,22.77997,20.5361,13.77003
21.44056,22.78648,20.5361,13.81567
21.4601,22.79299,20.54262,13.81567
21.46661,22.79299,20.5361,13.80046
21.46987,22.78648,20.53936,13.8461
21.47312,22.80276,20.5361,13.8461
21.47312,22.80927,20.53936,13.87654
21.48941,22.80601,20.5361,13.87654
21.49266,22.80601,20.5361,13.87654
21.48941,22.82554,20.53285,13.90697
21.5122,22.82554,20.53936,13.92218
21.50895,22.82554,20.5361,13.9374
21.50895,22.83856,20.5361,13.9374
21.50569,22.85159,20.5361,13.9374
21.53174,22.84508,20.53936,13.98305
21.53174,22.8581,20.54262,13.98305
21.52523,22.86786,20.53936,14.01348
21.53826,22.86461,20.54262,14.02869
21.55128,22.86461,20.54262,14.04391
21.54477,22.87112,20.54262,14.08955
21.54802,22.89065,20.54262,14.04391
21.56105,22.89065,20.53936,14.08955
21.56431,22.88088,20.53936,14.08955
21.55779,22.88088,20.53936,14.10477
21.55779,22.90693,20.5361,14.15042
21.57082,22.92972,20.5361,14.16563
21.57734,22.9232,20.5361,14.18085
21.57082,22.92646,20.54262,14.19606
21.57082,22.93623,20.5361,14.22649
21.56756,22.93948,20.54262,14.22649
21.59687,22.9525,20.5361,14.24171
21.59362,22.9525,20.5361,14.25692
21.59036,22.94925,20.54262,14.24171
21.59687,22.9525,20.5361,14.27214
21.59687,22.9525,20.54262,14.28736
21.60664,22.95576,20.5361,14.30257
21.62293,22.96878,20.5361,14.30257
21.61641,22.97529,20.54262,14.333
21.62293,22.97204,20.5361,14.333
21.62618,22.97529,20.5361,14.34822
21.63595,22.96878,20.5361,14.36343
21.63595,22.98831,20.53936,14.39386
21.63595,22.99482,20.5361,14.42429
21.65224,23.0111,20.5361,14.40908
21.65549,23.0111,20.5361,14.45473
21.65549,23.00784,20.5361,14.45473
21.64898,23.0111,20.5361,14.48516
21.65549,23.03714,20.53936,14.45473
21.67829,23.03389,20.53936,14.51559
21.67503,23.01761,20.53936,14.51559
21.67503,23.03389,20.54262,14.57645
21.69457,23.03389,20.5361,14.54602
21.69457,23.0404,20.5361,14.60688
21.7076,23.05667,20.54587,14.59167
21.69783,23.05667,20.5361,14.60688
21.7076,23.05993,20.54262,14.63731
21.71085,23.07621,20.5361,14.63731
21.71411,23.07946,20.53285,14.66774
21.7076,23.07621,20.53936,14.66774
21.70434,23.07946,20.54262,14.68296
21.71737,23.09574,20.54262,14.7286
21.71411,23.10225,20.53936,14.7286
21.73039,23.08923,20.5361,14.78947
21.74016,23.11527,20.53936,14.78947
21.74668,23.12829,20.53285,14.75904
21.74668,23.11853,20.53936,14.80468
21.74342,23.12178,20.53285,14.83511
21.74016,23.12178,20.5361,14.8199
21.7597,23.12178,20.5361,14.85033
21.76622,23.12178,20.5361,14.85033
21.7597,23.12829,20.53936,14.86554
21.76947,23.12504,20.5361,14.89598
21.77924,23.14457,20.5361,14.91119
21.77273,23.14457,20.5361,14.94162
21.77273,23.14457,20.5361,14.91119
21.77273,23.14457,20.53936,14.95684
21.77273,23.1641,20.54262,15.00248
21.79227,23.1641,20.53936,14.98727
21.79553,23.1641,20.54262,14.98727
21.79227,23.1641,20.5361,15.03291
21.79227,23.16085,20.54262,15.0177
21.78576,23.18363,20.5361,15.03291
21.80855,23.18363,20.54262,15.06335
21.82158,23.20317,20.5361,15.10899
21.82158,23.20968,20.53936,15.09378
21.82158,23.20317,20.5361,15.06335
21.83786,23.20968,20.5361,15.12421
21.83786,23.20642,20.54262,15.12421
21.83786,23.2227,20.5361,15.12421
21.8574,23.21619,20.5361,15.15464
21.8574,23.21619,20.5361,15.16985
21.8574,23.21619,20.54262,15.20029
21.86391,23.22595,20.5361,15.18507
21.86391,23.23572,20.53285,15.2155
21.86391,23.23898,20.54262,15.23072
21.8802,23.23572,20.5361,15.24593
21.88345,23.23898,20.54262,15.24593
21.87694,23.26176,20.5361,15.29158
21.88345,23.26176,20.5361,15.30679
21.89648,23.26827,20.5361,15.30679
21.89648,23.26176,20.5361,15.30679
21.88997,23.27153,20.5361,15.36766
21.89648,23.28455,20.53285,15.39809
21.90299,23.2813,20.5361,15.39809
21.91602,23.2813,20.5361,15.38287
21.91602,23.2813,20.52959,15.39809
21.91602,23.28781,20.54262,15.4133
21.91602,23.29106,20.5361,15.45895
21.91276,23.29757,20.53936,15.45895
21.92905,23.3171,20.53936,15.45895
21.93556,23.31385,20.5361,15.48938
21.93556,23.30408,20.5361,15.51981
21.94859,23.31059,20.54262,15.48938
21.94207,23.32687,20.5361,15.55024
21.94533,23.33338,20.54262,15.55024
21.96487,23.33664,20.53936,15.55024
21.96813,23.33338,20.53936,15.55024
21.96487,23.34315,20.5361,15.58067
21.96813,23.35291,20.54262,15.6111
21.96813,23.34315,20.5361,15.6111
21.96487,23.3464,20.53936,15.6111
21.9779,23.36594,20.53936,15.65675
21.99092,23.36919,20.54262,15.67197
21.98767,23.36594,20.5361,15.65675
21.99092,23.36268,20.53285,15.68718
21.99418,23.36268,20.53285,15.7024
22.01046,23.35617,20.53936,15.71761
22.0072,23.37245,20.54262,15.7024
22.0072,23.38547,20.53936,15.79369
22.0072,23.38547,20.54262,15.77847
22.01372,23.38547,20.54262,15.79369
22.01697,23.41151,20.5361,15.82412
22.01697,23.40826,20.5361,15.79369
22.01372,23.40174,20.5361,15.85455
22.04628,23.41151,20.5361,15.86977
22.04303,23.41151,20.5361,15.88498
22.04628,23.42453,20.5361,15.88498
22.04628,23.43104,20.54262,15.88498
22.04628,23.43104,20.54262,15.9002
22.06257,23.42779,20.5361,15.94584
22.05931,23.43755,20.5361,15.94584
22.06582,23.44732,20.53936,15.94584
22.05931,23.44732,20.5361,15.97627
22.06257,23.45058,20.53936,15.97627
22.06582,23.44406,20.5361,16.00671
22.07234,23.46034,20.54262,16.03714
22.06582,23.4636,20.53285,16.02192
22.07234,23.47011,20.5361,16.06757
22.08536,23.4636,20.5361,16.06757
22.09513,23.47011,20.5361,16.06757
22.09513,23.4636,20.5361,16.06757
22.09188,23.47662,20.5361,16.098
22.11142,23.47336,20.54262,16.12843
22.11142,23.47011,20.54262,16.15886
22.12119,23.47987,20.5361,16.15886
22.12444,23.48964,20.54262,16.15886
22.13096,23.49615,20.53936,16.17408
22.13421,23.50266,20.5361,16.20451
22.1277,23.49615,20.5361,16.21972
22.13096,23.51568,20.51657,16.21972
22.13747,23.50917,20.52308,16.25015
22.13096,23.51243,20.52308,16.26537
22.15049,23.51568,20.51331,16.26537
22.15701,23.53521,20.51657,16.2958
22.15701,23.5287,20.51657,16.28059
22.15701,23.53521,20.51983,16.2958
22.15701,23.53521,20.51983,16.31102
22.16026,23.53521,20.51657,16.37188
22.16026,23.54498,20.51657,16.37188
22.18306,23.56126,20.51657,16.37188
22.1798,23.56451,20.52308,16.37188
22.18957,23.558,20.52308,16.41753
22.19283,23.56126,20.51657,16.40231
22.18957,23.55475,20.51657,16.43274
22.19609,23.57102,20.51657,16.40231
22.18957,23.57753,20.52308,16.46317
22.18957,23.57428,20.51657,16.43274
22.20911,23.58079,20.51657,16.43274
22.20911,23.58405,20.51657,16.47839
22.20911,23.59381,20.51657,16.4936
22.21237,23.60032,20.51657,16.4936
22.21563,23.59707,20.51983,16.52403
22.23517,23.60032,20.51657,16.52403
22.23191,23.59381,20.52308,16.55447
22.23517,23.61985,20.51657,16.52403
22.22865,23.6166,20.52308,16.52403
22.23517,23.61985,20.51657,16.55447
22.23842,23.61334,20.52308,16.56968
22.24168,23.61334,20.51657,16.5849
22.23842,23.63288,20.51983,16.60011
22.24168,23.63288,20.51657,16.61533
22.25145,23.63288,20.51657,16.5849
22.25471,23.63288,20.51657,16.5849
22.24819,23.63288,20.51657,16.60011
22.25471,23.63613,20.51657,16.61533
22.25471,23.63939,20.52308,16.61533
22.2775,23.63288,20.51657,16.63054
22.27099,23.6459,20.51657,16.67619
22.27425,23.64264,20.52308,16.6914
22.27099,23.65566,20.52308,16.67619
22.27425,23.65241,20.51331,16.6914
22.29704,23.65892,20.51657,16.70662
22.29378,23.65241,20.51657,16.67619
22.29378,23.65241,20.51657,16.72184
22.29378,23.69147,20.51657,16.73705
22.29378,23.68496,20.51657,16.72184
22.31332,23.68496,20.51657,16.73705
22.31984,23.68171,20.51657,16.73705
22.31984,23.68496,20.51657,16.76748
22.31332,23.70124,20.52308,16.76748
22.31332,23.69798,20.51983,16.75227
22.31984,23.69147,20.51657,16.7827
22.33286,23.69798,20.51983,16.76748
22.33612,23.69798,20.52308,16.76748
22.33286,23.70124,20.51983,16.76748
22.33938,23.71751,20.51983,16.7827
22.34263,23.71426,20.51657,16.81313
22.36217,23.71751,20.51331,16.79791
22.35892,23.71101,20.51657,16.82834
22.35892,23.72403,20.51657,16.79791
22.35892,23.73379,20.52308,16.82834
22.35892,23.73379,20.51657,16.82834
22.37194,23.73379,20.51331,16.87399
22.38171,23.73705,20.51657,16.85878
22.37846,23.73379,20.51331,16.85878
22.38497,23.72403,20.51657,16.85878
22.38171,23.73054,20.51657,16.87399
22.40777,23.75007,20.51006,16.88921
22.40125,23.75983,20.51331,16.90442
22.40125,23.75658,20.51983,16.85878
22.40125,23.75658,20.51657,16.88921
22.40451,23.76309,20.51331,16.91964
22.40451,23.77286,20.51657,16.90442
22.40451,23.78262,20.51657,16.95007
22.39474,23.77611,20.52308,16.91964
22.40451,23.78262,20.51657,16.91964
22.40451,23.79564,20.51657,16.95007
22.40451,23.7989,20.52308,16.91964
22.42405,23.80215,20.52308,16.9805
22.41754,23.7989,20.51657,16.95007
22.42405,23.80541,20.51657,16.9805
22.43382,23.80867,20.51006,16.95007
22.44359,23.81518,20.51657,16.9805
22.44359,23.80867,20.51983,16.9805
22.44684,23.80867,20.51983,16.99571
22.44359,23.80867,20.51657,17.01093
22.44684,23.81518,20.51983,17.01093
22.45336,23.8282,20.51657,17.01093
22.46964,23.81843,20.51657,17.01093
22.46313,23.82169,20.51657,17.01093
22.46313,23.82494,20.51657,16.99571
22.46313,23.81518,20.51657,16.9805
22.48267,23.8575,20.51657,17.01093
22.48267,23.84773,20.51983,17.01093
22.48918,23.84773,20.51657,17.01093
22.48592,23.84122,20.51983,17.02615
22.48267,23.83471,20.51657,17.04136
22.48918,23.85424,20.52308,17.04136
22.51198,23.86075,20.52308,17.02615
22.50872,23.87052,20.51983,17.04136
22.50872,23.86075,20.51983,17.05658
22.50872,23.86726,20.51657,17.05658
22.51198,23.86726,20.51983,17.05658
22.50872,23.8575,20.51657,17.05658
22.51523,23.86726,20.51983,17.04136
22.52175,23.89331,20.51657,17.05658
22.53152,23.88679,20.51657,17.05658
22.52826,23.89656,20.52308,17.08701
22.52826,23.87377,20.51657,17.10222
22.54128,23.88679,20.51657,17.10222
22.55431,23.89331,20.51983,17.07179
22.5478,23.89331,20.51983,17.07179
22.55431,23.89656,20.51983,17.10222
22.55106,23.90307,20.51983,17.10222
22.5478,23.89982,20.51983,17.10222
22.5478,23.89982,20.51983,17.10222
22.56408,23.89656,20.52308,17.13265
22.56734,23.91935,20.52308,17.10222
22.5706,23.91935,20.51657,17.10222
22.57385,23.91935,20.52308,17.10222
22.57385,23.91284,20.53285,17.10222
22.56734,23.9226,20.5361,17.10222
22.56734,23.93888,20.53936,17.13265
22.56734,23.94539,20.54262,17.14787
22.56408,23.94539,20.54262,17.13265
22.56734,23.93888,20.53936,17.13265
22.5706,23.93888,20.54262,17.14787
22.5706,23.93888,20.53936,17.13265
22.59665,23.94539,20.54262,17.16309
22.59339,23.93888,20.5361,17.13265
22.59339,23.96492,20.5361,17.13265
22.59339,23.96167,20.53936,17.16309
22.59339,23.96492,20.5361,17.19352
22.60316,23.97144,20.53936,17.19352
22.61944,23.96492,20.5361,17.19352
22.61293,23.96492,20.54262,17.16309
22.61293,23.97144,20.53936,17.16309
22.61619,23.97469,20.5361,17.1783
22.61293,23.97144,20.54262,17.19352
22.61619,23.97794,20.53936,17.22395
22.61293,23.97794,20.54262,17.22395
22.61944,23.99097,20.55239,17.19352
22.6227,23.99422,20.5589,17.20873
22.62596,23.99097,20.55564,17.20873
22.61944,23.99097,20.55564,17.19352
22.61619,23.99097,20.55564,17.19352
22.61944,23.99422,20.5589,17.19352
22.63898,23.99422,20.5589,17.22395
22.64875,23.99097,20.5589,17.25438
22.66829,23.99748,20.55564,17.22395
22.65201,24.00073,20.56215,17.19352
22.64875,24.01375,20.56215,17.22395
22.65527,24.01701,20.5589,17.22395
22.65852,24.0105,20.55564,17.22395
22.66178,24.0105,20.5589,17.22395
22.67806,24.01375,20.5589,17.20873
22.68132,24.0105,20.55564,17.25438
22.67155,24.01701,20.5589,17.22395
22.67806,24.02026,20.55564,17.26959
22.68132,24.03329,20.55564,17.28481
22.68457,24.04305,20.5589,17.25438
22.69434,24.03654,20.56867,17.23916
22.6976,24.03654,20.57518,17.25438
22.70086,24.03654,20.57518,17.25438
22.70412,24.03003,20.56867,17.26959
22.6976,24.04956,20.56867,17.25438
22.70412,24.04956,20.57518,17.26959
22.71063,24.05607,20.56867,17.26959
22.6976,24.05933,20.57518,17.26959
22.71389,24.05607,20.56541,17.28481
22.73017,24.05933,20.56867,17.25438
22.73017,24.05933,20.57518,17.25438
22.71714,24.05607,20.57518,17.25438
22.72365,24.05607,20.57518,17.28481
22.72365,24.05607,20.57518,17.28481
22.7204,24.04956,20.5882,17.23916
22.72691,24.05607,20.59146,17.28481
22.74319,24.05607,20.59472,17.25438
22.74971,24.06258,20.59472,17.30002
22.74645,24.06258,20.5882,17.31524
22.74645,24.0691,20.59472,17.28481
22.74319,24.06258,20.59472,17.28481
22.74971,24.07235,20.59472,17.28481
22.74971,24.06584,20.59146,17.28481
22.75296,24.0691,20.5882,17.28481
22.74319,24.09188,20.59472,17.30002
22.74971,24.08863,20.59472,17.28481
22.74645,24.08212,20.59472,17.28481
22.73994,24.08537,20.59472,17.28481
22.75622,24.08863,20.59472,17.30002
22.75948,24.08212,20.61099,17.30002
22.76273,24.08537,20.61099,17.31524
22.75948,24.08863,20.60774,17.26959
22.76273,24.11142,20.60774,17.28481
22.76599,24.10816,20.61099,17.28481
22.76273,24.11467,20.61425,17.28481
22.76273,24.11467,20.60774,17.28481
22.75948,24.11467,20.63704,17.28481
22.78227,24.11142,20.63379,17.25438
22.77576,24.10816,20.6403,17.28481
22.77576,24.11467,20.6403,17.25438
22.77902,24.10816,20.6403,17.28481
22.77576,24.12444,20.6403,17.28481
22.77576,24.13746,20.63704,17.31524
22.78227,24.12769,20.63053,17.28481
22.78227,24.13746,20.63379,17.31524
22.78227,24.1342,20.63379,17.28481
22.78227,24.1342,20.63704,17.30002
22.78879,24.1342,20.64356,17.28481
22.7953,24.12769,20.6403,17.26959
22.7953,24.13095,20.64681,17.25438
22.80507,24.12769,20.64681,17.28481
22.80181,24.13095,20.65332,17.25438
22.80181,24.13746,20.64681,17.26959
22.80507,24.1342,20.64681,17.28481
22.82461,24.1342,20.64681,17.28481
22.82135,24.1342,20.64681,17.31524
22.82135,24.14071,20.65332,17.28481
22.8181,24.14071,20.64681,17.30002
22.82135,24.14071,20.66635,17.25438
22.82135,24.14071,20.68588,17.28481
22.81158,24.14071,20.67937,17.26959
22.8181,24.14071,20.67937,17.26959
22.82135,24.14071,20.67286,17.26959
22.82461,24.14071,20.67937,17.28481
22.84415,24.14071,20.67937,17.31524
22.84089,24.14071,20.67937,17.28481
22.84415,24.14397,20.67937,17.30002
22.84415,24.13746,20.68263,17.30002
22.84089,24.15374,20.6924,17.31524
22.8474,24.16025,20.6924,17.28481
22.84089,24.15374,20.6924,17.28481
22.8474,24.1635,20.69565,17.28481
22.83438,24.16025,20.6924,17.28481
22.8474,24.15699,20.68588,17.31524
22.86043,24.16025,20.68588,17.28481
22.86043,24.16676,20.68914,17.28481
22.86043,24.1635,20.68914,17.28481
22.86043,24.16025,20.71193,17.28481
22.85392,24.16676,20.71193,17.28481
22.86043,24.1635,20.71193,17.28481
22.85392,24.15374,20.71519,17.31524
22.85717,24.15374,20.71193,17.28481
22.86694,24.15374,20.70542,17.30002
22.87346,24.14397,20.71845,17.28481
22.87346,24.15699,20.72496,17.28481
22.86043,24.15048,20.73147,17.26959
22.8702,24.15048,20.73147,17.31524
22.87346,24.15374,20.72496,17.28481
22.8702,24.14722,20.72496,17.28481
22.8702,24.15374,20.72496,17.31524
22.88323,24.15699,20.72821,17.28481
22.89951,24.15048,20.72821,17.34567
22.893,24.16025,20.73147,17.25438
22.893,24.15374,20.74449,17.28481
22.893,24.14722,20.73798,17.26959
22.88648,24.17652,20.73473,17.28481
22.88648,24.17327,20.73473,17.28481
22.88648,24.16676,20.73798,17.28481
22.87997,24.17327,20.73473,17.28481
22.88974,24.17327,20.73798,17.26959
22.893,24.17001,20.73798,17.28481
22.893,24.17327,20.75101,17.26959
22.88974,24.17001,20.75752,17.25438
22.88648,24.17978,20.75752,17.25438
22.90277,24.17978,20.76077,17.25438
22.90602,24.17001,20.75752,17.26959
22.90277,24.17978,20.76403,17.26959
22.90602,24.17652,20.75426,17.25438
22.90928,24.17001,20.76403,17.25438
22.91254,24.17327,20.78357,17.26959
22.91254,24.17001,20.78357,17.26959
22.91254,24.17652,20.78357,17.28481
22.90602,24.17001,20.78357,17.28481
22.90602,24.16676,20.78357,17.25438
22.90602,24.17327,20.8031,17.28481
22.90602,24.17652,20.8031,17.26959
22.90928,24.17327,20.79985,17.25438
22.92231,24.1928,20.79659,17.25438
22.91905,24.1928,20.80636,17.23916
22.91579,24.19931,20.8031,17.26959
22.91905,24.1928,20.80636,17.25438
22.91254,24.19606,20.8031,17.23916
22.91579,24.1928,20.80636,17.26959
22.91905,24.1928,20.8031,17.25438
22.91254,24.18629,20.80962,17.25438
22.91905,24.18303,20.81613,17.22395
22.91905,24.18954,20.81613,17.25438
22.91905,24.1928,20.81613,17.25438
22.92231,24.1928,20.81613,17.25438
22.92882,24.1928,20.81613,17.25438
22.9451,24.1928,20.81287,17.25438
22.93859,24.19606,20.81613,17.28481
22.9451,24.19606,20.84218,17.23916
22.93859,24.1928,20.84218,17.25438
22.9451,24.18954,20.84869,17.23916
22.9451,24.18629,20.84869,17.25438
22.9451,24.19606,20.84869,17.26959
22.94836,24.19606,20.84543,17.25438
22.9451,24.1928,20.85195,17.23916
22.9451,24.19931,20.8552,17.25438
22.9451,24.1928,20.86171,17.25438
22.95162,24.1928,20.8552,17.26959
22.96464,24.1928,20.85195,17.25438
22.97116,24.19606,20.85846,17.25438
22.96464,24.19606,20.85846,17.25438
22.9679,24.19931,20.87148,17.25438
22.9679,24.1928,20.87148,17.25438
22.97116,24.19931,20.87474,17.23916
22.96464,24.1928,20.87474,17.25438
22.96464,24.18629,20.86822,17.22395
22.97116,24.1928,20.87474,17.20873
22.96464,24.1928,20.87148,17.19352
22.96139,24.19606,20.87799,17.22395
22.96464,24.19931,20.89427,17.22395
22.96464,24.1928,20.89427,17.22395
22.96464,24.1928,20.89753,17.23916
22.96139,24.1928,20.89427,17.22395
22.96464,24.18954,20.89427,17.25438
22.96464,24.1928,20.89427,17.23916
22.9679,24.18954,20.90079,17.22395
22.96464,24.19931,20.90079,17.22395
22.97441,24.1928,20.90079,17.22395
22.96139,24.19606,20.90404,17.19352
22.96464,24.19606,20.9073,17.22395
22.96464,24.19931,20.91381,17.20873
22.96464,24.18954,20.93009,17.20873
22.98418,24.1928,20.93009,17.19352
22.98418,24.19606,20.93335,17.19352
22.98744,24.20257,20.92684,17.20873
22.97767,24.1928,20.92684,17.19352
22.97767,24.1928,20.93335,17.20873
22.97767,24.18954,20.9366,17.19352
22.98092,24.18954,20.94637,17.19352
22.97767,24.18954,20.94963,17.16309
22.97767,24.1928,20.94963,17.1783
22.97767,24.18954,20.94637,17.16309
22.97441,24.19606,20.94963,17.16309
22.97116,24.1928,20.95288,17.1783
22.97767,24.1928,20.96916,17.19352
22.97116,24.19606,20.97242,17.16309
22.97767,24.1928,20.96591,17.19352
22.98092,24.19931,20.96916,17.16309
22.99069,24.19931,20.97242,17.16309
22.99721,24.19606,20.96916,17.19352
22.99069,24.1928,20.97242,17.16309
23.00046,24.19606,20.97242,17.14787
22.99721,24.1928,20.98544,17.13265
22.99069,24.1928,20.98544,17.14787
22.99721,24.1928,20.98219,17.16309
22.99721,24.1928,20.98219,17.14787
23.00046,24.1928,20.99521,17.19352
22.99721,24.1928,21.01475,17.19352
22.99721,24.18954,21.018,17.14787
22.99395,24.19931,21.01149,17.16309
22.98744,24.18629,21.018,17.16309
22.99069,24.17327,21.01475,17.13265
22.99069,24.17978,21.02452,17.14787
22.99721,24.17978,21.02452,17.16309
22.99069,24.17001,21.02452,17.14787
22.99395,24.17978,21.02777,17.1783
22.99069,24.17327,21.018,17.13265
22.99721,24.16676,21.02452,17.16309
22.99069,24.17327,21.02777,17.13265
22.99069,24.17978,21.02452,17.14787
22.99395,24.17327,21.03103,17.16309
22.99721,24.17327,21.03754,17.10222
22.98418,24.18303,21.04405,17.11744
22.99069,24.17327,21.04405,17.13265
22.99721,24.17978,21.04405,17.14787
22.99721,24.17652,21.04405,17.10222
22.99721,24.17652,21.04405,17.10222
22.99721,24.17001,21.04405,17.13265
22.99721,24.17327,21.06685,17.11744
22.99721,24.17327,21.06685,17.13265
22.99721,24.16676,21.0701,17.10222
22.99395,24.17001,21.0701,17.08701
23.00372,24.17001,21.0701,17.10222
22.99721,24.17001,21.08313,17.10222
23.00046,24.15048,21.0701,17.10222
22.99069,24.15374,21.07661,17.11744
22.99069,24.14397,21.0701,17.10222
22.99069,24.14722,21.07661,17.11744
22.99721,24.14722,21.08313,17.10222
22.99721,24.15048,21.09615,17.10222
22.99069,24.14071,21.09615,17.13265
22.99069,24.14722,21.10266,17.10222
22.99395,24.14722,21.09615,17.10222
22.99069,24.1342,21.10266,17.10222
22.99069,24.13746,21.09615,17.11744
22.99721,24.14071,21.09615,17.13265
22.99721,24.1342,21.08964,17.10222
22.99721,24.1342,21.10592,17.10222
22.99721,24.1342,21.10918,17.10222
22.99069,24.14071,21.10918,17.13265
22.99069,24.14071,21.10266,17.10222
22.99721,24.13746,21.10918,17.10222
22.99069,24.14071,21.12871,17.07179
22.99721,24.14071,21.13197,17.07179
22.99721,24.14071,21.13522,17.10222
22.99721,24.1342,21.13197,17.10222
22.99721,24.13746,21.13197,17.10222
22.99721,24.14071,21.12871,17.04136
22.99395,24.14071,21.14174,17.04136
22.99721,24.1342,21.1515,17.05658
22.99395,24.12769,21.15476,17.04136
22.99069,24.12769,21.15476,17.04136
22.99395,24.12769,21.15476,17.05658
22.99395,24.12769,21.15476,17.07179
22.99721,24.13095,21.15476,17.04136
22.99721,24.12118,21.16127,17.07179
22.99721,24.12769,21.1743,17.05658
22.99069,24.13095,21.1743,17.04136
22.99721,24.11793,21.1743,17.04136
22.99069,24.11142,21.1743,17.05658
22.99395,24.11142,21.1743,17.07179
22.99721,24.10816,21.18407,17.05658
22.99721,24.10816,21.2036,17.05658
22.99721,24.1049,21.20034,17.05658
22.99395,24.10816,21.19709,17.02615
22.99721,24.10816,21.20034,17.04136
22.99721,24.11142,21.19709,17.04136
22.99721,24.11467,21.19709,17.04136
22.99721,24.11142,21.21011,17.04136
22.99721,24.09188,21.21988,17.01093
22.99721,24.08863,21.21663,17.02615
22.99721,24.08537,21.21988,17.04136
22.99721,24.08537,21.21988,17.04136
22.99395,24.08863,21.21988,17.02615
22.99069,24.08863,21.22639,17.01093
22.99721,24.08863,21.22639,17.01093
22.99721,24.08863,21.23291,17.02615
22.99721,24.08212,21.22639,17.01093
22.99721,24.08863,21.23291,17.04136
22.99721,24.08863,21.23291,16.99571
22.99395,24.05933,21.22639,17.01093
22.99721,24.06584,21.23291,17.04136
22.99721,24.0691,21.24593,17.02615
22.99395,24.0691,21.23942,17.02615
22.98744,24.06258,21.23291,17.02615
22.99395,24.06584,21.23942,17.01093
22.98418,24.0691,21.23942,17.02615
22.98744,24.0691,21.24593,16.9805
22.99395,24.06258,21.26547,17.01093
22.99721,24.0691,21.26547,17.01093
22.99721,24.0691,21.26547,17.02615
22.99721,24.0691,21.26221,17.01093
22.99721,24.04305,21.25896,17.01093
23.00046,24.04956,21.26547,17.01093
22.99721,24.04956,21.26547,16.9805
22.99069,24.04956,21.27198,16.9805
22.99069,24.04956,21.285,16.96528
22.99721,24.04956,21.285,16.9805
22.99395,24.04631,21.285,17.01093
22.99069,24.04956,21.285,16.9805
23.00372,24.04305,21.28826,16.9805
23.00372,24.0398,21.29803,16.99571
22.99721,24.02352,21.30454,16.9805
22.99721,24.02678,21.29803,16.96528
22.99395,24.02352,21.30454,16.9805
22.99395,24.01701,21.29803,17.01093
23.00046,24.02678,21.29803,16.99571
22.99721,24.02352,21.30128,16.9805
23.00372,24.02352,21.3078,16.99571
22.99721,24.02352,21.32082,16.9805
22.99721,24.00399,21.32408,16.95007
22.99721,24.00073,21.32408,16.9805
22.99721,24.00399,21.32408,16.9805
22.99721,23.99422,21.32408,16.9805
22.99721,24.00399,21.33385,16.9805
22.99721,24.00399,21.34687,16.95007
22.99721,24.00399,21.34361,16.95007
22.99721,24.00399,21.35012,16.96528
22.99721,24.00399,21.34361,16.95007
22.99395,23.99748,21.34687,16.9805
22.99721,23.99748,21.34687,16.95007
22.99721,23.98446,21.36315,16.95007
23.00046,23.98446,21.35664,16.91964
22.99721,23.9812,21.35664,16.95007
22.99069,23.98446,21.35664,16.95007
22.99721,23.98446,21.35338,16.91964
22.99395,23.97469,21.35664,16.95007
22.99721,23.97469,21.36966,16.91964
22.99721,23.97144,21.36966,16.91964
22.99721,23.97144,21.37617,16.91964
22.99721,23.97794,21.37617,16.93485
22.98744,23.96492,21.36966,16.91964
22.99069,23.97144,21.37617,16.91964
22.99395,23.97144,21.37617,16.93485
22.99069,23.96818,21.37292,16.91964
23.00372,23.97144,21.37617,16.91964
23.00046,23.96492,21.39245,16.91964
22.99721,23.97144,21.40222,16.90442
23.00046,23.95841,21.40222,16.90442
22.99395,23.95841,21.40222,16.90442
22.99395,23.96492,21.39571,16.88921
22.99395,23.96167,21.39897,16.88921
22.98744,23.95841,21.40548,16.91964
22.97441,23.96492,21.40874,16.88921
22.97441,23.94214,21.40548,16.90442
22.97116,23.93888,21.41199,16.88921
22.97767,23.93888,21.41199,16.88921
22.97767,23.93888,21.41525,16.88921
22.97116,23.93237,21.42827,16.88921
22.97767,23.91935,21.43153,16.87399
22.98092,23.9226,21.42827,16.87399
22.98092,23.91284,21.42827,16.88921
22.97116,23.91935,21.43153,16.85878
22.98092,23.91935,21.43153,16.88921
22.97767,23.91284,21.43478,16.90442
22.97767,23.9226,21.45432,16.88921
22.98092,23.91609,21.44781,16.88921
22.97441,23.91609,21.45432,16.87399
22.97767,23.91935,21.44781,16.88921
22.97767,23.91284,21.44781,16.87399
22.96464,23.89982,21.45106,16.85878
22.95813,23.89656,21.45432,16.88921
22.95487,23.89656,21.45432,16.85878
22.96139,23.89982,21.44781,16.85878
22.95813,23.90633,21.44781,16.84356
22.95487,23.90633,21.46083,16.84356
22.95813,23.89331,21.46083,16.85878
22.95813,23.88679,21.45432,16.82834
22.95162,23.88679,21.46083,16.85878
22.95813,23.88679,21.46083,16.81313
22.95813,23.88679,21.48362,16.79791
22.95487,23.88028,21.48037,16.81313
22.95813,23.87377,21.48362,16.81313
22.95813,23.86075,21.48688,16.79791
22.93533,23.86726,21.48688,16.79791
22.93208,23.86726,21.48688,16.81313
22.93533,23.86401,21.48362,16.81313
22.93208,23.8575,21.48688,16.82834
22.93533,23.86726,21.4999,16.82834
22.93533,23.86075,21.50642,16.81313
22.93208,23.85424,21.50967,16.81313
22.93208,23.84122,21.50642,16.79791
22.93208,23.84447,21.51293,16.79791
22.93208,23.84122,21.50642,16.7827
22.93208,23.84773,21.51293,16.76748
22.93208,23.83471,21.50642,16.75227
22.93208,23.81518,21.52595,16.76748
22.92882,23.82494,21.5227,16.75227
22.92882,23.82169,21.51619,16.76748
22.92882,23.82169,21.52921,16.76748
22.93208,23.82494,21.5227,16.73705
22.92882,23.82169,21.52595,16.75227
22.92556,23.82169,21.5227,16.75227
22.92556,23.81843,21.552,16.76748
22.91905,23.8282,21.552,16.75227
22.92556,23.79564,21.552,16.73705
22.92556,23.80215,21.552,16.76748
22.91905,23.7989,21.54875,16.75227
22.91905,23.7989,21.54549,16.73705
22.91905,23.80215,21.56503,16.76748
22.90928,23.78913,21.55851,16.75227
22.91254,23.77611,21.56503,16.76748
22.90928,23.78588,21.56503,16.73705
22.91254,23.78913,21.56828,16.73705
22.90928,23.78913,21.57154,16.73705
22.90602,23.78913,21.57805,16.70662
22.91905,23.78913,21.57805,16.72184
22.91254,23.78913,21.57805,16.72184
22.90928,23.76309,21.58131,16.73705
22.91254,23.77286,21.57805,16.67619
22.91254,23.77286,21.57805,16.70662
22.91254,23.77286,21.57154,16.70662
22.90928,23.77611,21.57805,16.6914
22.91254,23.77286,21.57805,16.73705
22.90928,23.7696,21.60084,16.70662
22.90928,23.77611,21.6041,16.70662
22.91254,23.77286,21.60084,16.67619
22.91905,23.75332,21.59759,16.6914
22.90928,23.75007,21.60084,16.70662
22.893,23.74681,21.59759,16.70662
22.893,23.75007,21.59433,16.73705
22.893,23.74681,21.59759,16.70662
22.893,23.72403,21.59759,16.70662
22.893,23.72403,21.60084,16.6914
22.893,23.73054,21.60084,16.67619
22.89951,23.71751,21.62364,16.67619
22.88974,23.72403,21.62689,16.70662
22.893,23.71751,21.62689,16.67619
22.893,23.72728,21.62364,16.67619
22.88648,23.71751,21.62364,16.66097
22.893,23.71751,21.62364,16.64576
22.893,23.71101,21.62364,16.64576
22.88648,23.71101,21.63015,16.67619
22.87671,23.71751,21.63666,16.67619
22.87346,23.69147,21.63015,16.67619
22.86694,23.69473,21.63015,16.66097
22.8702,23.69147,21.63666,16.64576
22.87346,23.69473,21.63015,16.64576
22.87346,23.69798,21.63015,16.64576
22.86694,23.69147,21.64969,16.63054
22.86694,23.69147,21.6562,16.6914
22.86369,23.68496,21.65294,16.64576
22.8474,23.67845,21.65294,16.66097
22.8474,23.67194,21.64969,16.66097
22.8474,23.67194,21.64969,16.64576
22.8474,23.67845,21.66597,16.66097
22.8474,23.66869,21.67248,16.66097
22.8474,23.67519,21.66922,16.64576
22.8474,23.65241,21.67899,16.64576
22.8474,23.65241,21.66922,16.64576
22.8474,23.64915,21.67573,16.64576
22.84089,23.65566,21.66922,16.64576
22.8474,23.65566,21.66922,16.64576
22.8474,23.63939,21.66922,16.64576
22.85392,23.63939,21.67248,16.63054
22.82786,23.6459,21.66922,16.63054
22.82135,23.6459,21.6855,16.63054
22.83112,23.63939,21.69527,16.61533
22.82786,23.6459,21.69527,16.64576
22.82786,23.64264,21.69527,16.64576
22.82786,23.63288,21.69527,16.61533
22.82786,23.63288,21.69527,16.64576
22.82135,23.62962,21.69527,16.63054
22.82135,23.62962,21.70178,16.5849
22.82786,23.63288,21.70504,16.63054
22.81484,23.62637,21.70178,16.61533
22.82135,23.63939,21.70504,16.61533
22.81158,23.61009,21.70829,16.61533
22.80833,23.60358,21.71155,16.61533
22.80833,23.61334,21.70829,16.60011
22.80181,23.61334,21.70829,16.53925
22.80507,23.61009,21.70178,16.55447
22.80507,23.5873,21.72132,16.5849
22.7953,23.5873,21.72132,16.55447
22.78227,23.5873,21.72783,16.55447
22.78227,23.5873,21.72783,16.5849
22.77902,23.58079,21.72783,16.5849
22.77902,23.56777,21.72132,16.55447
22.78227,23.56126,21.74737,16.55447
22.78553,23.56777,21.74737,16.55447
22.78879,23.56451,21.74737,16.55447
22.78553,23.56451,21.75388,16.52403
22.78227,23.56777,21.74411,16.55447
22.78227,23.55149,21.74737,16.53925
22.78227,23.54173,21.75388,16.52403
22.77902,23.54173,21.75388,16.55447
22.76599,23.54824,21.74411,16.55447
22.76273,23.54173,21.75388,16.52403
22.76273,23.54173,21.76039,16.52403
22.76925,23.52219,21.76039,16.50882
22.77902,23.52219,21.76039,16.4936
22.77576,23.52219,21.7669,16.4936
22.78879,23.52219,21.76039,16.50882
22.78227,23.52219,21.76039,16.52403
22.7725,23.51243,21.76039,16.52403
22.77576,23.4994,21.76039,16.52403
22.77576,23.50917,21.7669,16.52403
22.7725,23.50266,21.78644,16.4936
22.76925,23.50592,21.77993,16.4936
22.77576,23.50266,21.77993,16.4936
22.77576,23.50266,21.77993,16.4936
22.7725,23.48964,21.78318,16.4936
22.77576,23.4929,21.78318,16.50882
22.76925,23.4929,21.78644,16.46317
22.76599,23.49615,21.79946,16.46317
22.76273,23.48964,21.80272,16.4936
22.76273,23.47011,21.79946,16.46317
22.76599,23.47662,21.79946,16.4936
22.76273,23.47336,21.79946,16.47839
22.76273,23.47011,21.79621,16.46317
22.76273,23.46685,21.79946,16.46317
22.76273,23.47011,21.79946,16.46317
22.75296,23.47011,21.79946,16.44796
22.75948,23.4636,21.819,16.44796
22.75948,23.46034,21.819,16.46317
22.73342,23.46685,21.82551,16.4936
22.73668,23.4636,21.82226,16.4936
22.73342,23.46034,21.82551,16.46317
22.73668,23.43755,21.819,16.46317
22.73668,23.44081,21.82551,16.46317
22.73342,23.44406,21.82226,16.46317
22.73342,23.43755,21.83528,16.46317
22.7204,23.43755,21.84505,16.43274
22.71714,23.43755,21.84505,16.46317
22.70412,23.41802,21.84505,16.46317
22.70086,23.41802,21.84505,16.46317
22.6976,23.41151,21.84831,16.46317
22.6976,23.40174,21.84505,16.44796
22.67806,23.39198,21.86459,16.44796
22.68457,23.39849,21.86459,16.40231
22.69109,23.40174,21.86459,16.43274
22.69109,23.39849,21.86459,16.43274
22.6976,23.39849,21.86459,16.46317
22.69109,23.37245,21.86459,16.44796
22.69109,23.37245,21.86459,16.43274
22.69109,23.37896,21.85807,16.44796
22.69109,23.37245,21.86459,16.40231
22.68457,23.38221,21.86784,16.41753
22.6976,23.3757,21.8711,16.43274
22.67155,23.38221,21.87761,16.40231
22.67155,23.36268,21.87761,16.43274
22.66504,23.34966,21.87435,16.43274
22.66829,23.35942,21.87761,16.40231
22.67155,23.35617,21.87761,16.40231
22.66829,23.35942,21.8711,16.43274
22.67155,23.35942,21.87435,16.41753
22.66829,23.34315,21.88087,16.40231
22.67155,23.3464,21.90366,16.40231
22.66504,23.33989,21.90366,16.41753
22.6455,23.33989,21.89715,16.38709
22.63898,23.3464,21.89063,16.40231
22.6455,23.32036,21.89715,16.40231
22.6455,23.32687,21.90692,16.40231
22.6455,23.32362,21.9232,16.43274
22.64224,23.32687,21.9232,16.41753
22.6455,23.32687,21.91668,16.40231
22.63247,23.32687,21.91994,16.43274
22.61944,23.30734,21.91994,16.41753
22.62596,23.29757,21.92645,16.41753
22.62921,23.30083,21.92645,16.43274
22.62596,23.30734,21.92971,16.38709
22.61944,23.30734,21.9232,16.40231
22.63247,23.29432,21.92971,16.37188
22.6227,23.29106,21.92971,16.37188
22.62596,23.29432,21.92971,16.37188
22.62596,23.28455,21.93622,16.38709
22.60642,23.2813,21.92645,16.37188
22.60316,23.27804,21.92971,16.37188
22.61293,23.27804,21.93296,16.32623
22.60316,23.27804,21.92971,16.34145
22.60316,23.2813,21.94273,16.34145
22.60642,23.27804,21.94273,16.37188
22.5999,23.26502,21.94273,16.38709
22.59339,23.26502,21.94273,16.38709
22.58036,23.26827,21.94273,16.37188
22.58036,23.26502,21.93622,16.38709
22.58688,23.25525,21.94273,16.40231
22.58688,23.24223,21.95576,16.37188
22.58036,23.23898,21.96227,16.37188
22.58362,23.24549,21.96552,16.34145
22.58362,23.24549,21.95901,16.37188
22.58036,23.23898,21.96227,16.37188
22.5706,23.23572,21.95901,16.37188
22.56734,23.23572,21.95576,16.40231
22.56734,23.24223,21.96878,16.37188
22.57385,23.2227,21.96227,16.38709
22.57385,23.21619,21.98181,16.37188
22.56734,23.21619,21.98181,16.37188
22.55757,23.21293,21.98181,16.37188
22.55431,23.21619,21.97529,16.34145
22.5478,23.20317,21.98181,16.37188
22.55431,23.19991,21.98832,16.38709
22.55431,23.19666,21.98832,16.37188
22.55431,23.17061,21.98181,16.35666
22.55431,23.17712,21.98181,16.35666
22.55431,23.17387,22.00134,16.37188
22.55431,23.17712,22.00785,16.37188
22.55757,23.17387,22.00134,16.35666
22.53152,23.17712,22.00134,16.37188
22.52826,23.16085,22.00785,16.37188
22.53477,23.15108,21.99809,16.37188
22.53477,23.15108,22.00134,16.35666
22.52826,23.15759,22.00134,16.40231
22.53477,23.15759,22.00134,16.35666
22.53152,23.15434,22.02413,16.37188
22.53477,23.13806,22.02739,16.38709
22.525,23.13806,22.02739,16.40231
22.52175,23.13806,22.02739,16.37188
22.51849,23.13806,22.02413,16.37188
22.525,23.13155,22.03065,16.37188
22.525,23.13155,22.02739,16.37188
22.52826,23.13155,22.02739,16.37188
22.52175,23.12504,22.04367,16.37188
22.51523,23.12178,22.05018,16.37188
22.50221,23.12504,22.04693,16.37188
22.48918,23.11527,22.04693,16.40231
22.50221,23.11527,22.04041,16.43274
22.49895,23.10551,22.04367,16.40231
22.50221,23.11202,22.04693,16.41753
22.49569,23.11202,22.04367,16.37188
22.48267,23.10551,22.04041,16.38709
22.48267,23.10225,22.04367,16.38709
22.46964,23.07621,22.04367,16.38709
22.47615,23.07946,22.07298,16.40231
22.47615,23.08597,22.06646,16.38709
22.47941,23.08597,22.06646,16.38709
22.47615,23.09248,22.05995,16.38709
22.47615,23.0697,22.06646,16.38709
22.48267,23.06644,22.06972,16.41753
22.46964,23.07295,22.06646,16.38709
22.46638,23.07295,22.06972,16.35666
22.45987,23.07295,22.06646,16.37188
22.45987,23.0697,22.07623,16.34145
22.46313,23.06319,22.07298,16.37188
22.44033,23.05342,22.07298,16.37188
22.43707,23.04691,22.07949,16.37188
22.43707,23.05342,22.07623,16.40231
22.43382,23.04365,22.07949,16.41753
22.43056,23.03389,22.07949,16.40231
22.43056,23.0404,22.07623,16.40231
22.43707,23.03389,22.08926,16.37188
22.43707,23.03714,22.09902,16.35666
22.43707,23.0404,22.10554,16.38709
22.43056,23.00784,22.09902,16.37188
22.41102,23.01761,22.09902,16.35666
22.41754,23.01435,22.10228,16.43274
22.41102,23.01435,22.09902,16.38709
22.41102,22.99482,22.10554,16.40231
22.41428,22.99808,22.11205,16.40231
22.41102,22.99808,22.11205,16.43274
22.41102,22.98831,22.11205,16.38709
22.40777,22.99482,22.11205,16.40231
22.40451,22.99157,22.1153,16.40231
22.398,22.99482,22.10879,16.40231
22.398,22.97529,22.10879,16.40231
22.40451,22.97204,22.11205,16.43274
22.398,22.96878,22.12507,16.43274
22.40451,22.97204,22.12507,16.41753
22.40451,22.97855,22.12833,16.40231
22.40451,22.96878,22.13158,16.44796
22.40451,22.9525,22.13158,16.46317
22.39474,22.94925,22.1381,16.46317
22.38171,22.94925,22.12833,16.46317
22.39148,22.94925,22.13158,16.46317
22.39148,22.94925,22.14461,16.50882
22.40125,22.94925,22.14461,16.4936
22.39148,22.93623,22.15112,16.4936
22.398,22.93948,22.15112,16.52403
22.38497,22.93948,22.15112,16.50882
22.36543,22.93948,22.15763,16.46317
22.36869,22.93948,22.14461,16.46317
22.37194,22.9232,22.15438,16.43274
22.37194,22.91995,22.15112,16.44796
22.37194,22.9232,22.15112,16.46317
22.37194,22.92972,22.15112,16.43274
22.34915,22.91995,22.15112,16.43274
22.3524,22.89716,22.16089,16.46317
22.3524,22.89716,22.17717,16.40231
22.34915,22.90042,22.17717,16.43274
22.34589,22.90367,22.17717,16.43274
22.3524,22.90042,22.17717,16.47839
22.35892,22.8874,22.17717,16.43274
22.3524,22.88414,22.17391,16.44796
22.3524,22.88414,22.17717,16.43274
22.34263,22.88414,22.17717,16.46317
22.33286,22.89065,22.17717,16.47839
22.33286,22.88414,22.18694,16.52403
22.32961,22.87763,22.18368,16.47839
22.33286,22.88088,22.19019,16.46317
22.32635,22.88414,22.19019,16.4936
22.33286,22.87112,22.18368,16.4936
22.31007,22.86461,22.18368,16.4936
22.31007,22.87437,22.18694,16.50882
22.31007,22.87112,22.18043,16.47839
22.30355,22.86461,22.19019,16.52403
22.31658,22.85159,22.18694,16.4936
22.31007,22.84508,22.18694,16.4936
22.30681,22.84508,22.20322,16.4936
22.28727,22.85159,22.20322,16.50882
22.28727,22.82554,22.20322,16.50882
22.28727,22.81903,22.20322,16.50882
22.29053,22.82554,22.20322,16.50882
22.29378,22.81903,22.20322,16.52403
22.29378,22.82554,22.20322,16.55447
22.29704,22.82229,22.20322,16.52403
22.29378,22.81903,22.2195,16.52403
22.28076,22.82229,22.22601,16.52403
22.27425,22.7995,22.22275,16.52403
22.28076,22.80601,22.22275,16.52403
22.27425,22.80276,22.22275,16.53925
22.28076,22.80276,22.22275,16.55447
22.28076,22.78648,22.22275,16.52403
22.28076,22.77997,22.22275,16.56968
22.27425,22.77997,22.22601,16.55447
22.27425,22.78648,22.22601,16.55447
22.25471,22.79299,22.22275,16.55447
22.25471,22.78648,22.22601,16.5849
22.24494,22.79299,22.22927,16.53925
22.25471,22.77997,22.23578,16.56968
22.25145,22.78648,22.2488,16.55447
22.26122,22.78648,22.24229,16.55447
22.24168,22.76369,22.25206,16.53925
22.23191,22.76369,22.2488,16.52403
22.22865,22.76044,22.25532,16.55447
22.22865,22.76044,22.2488,16.50882
22.23191,22.76044,22.2488,16.52403
22.23517,22.7702,22.25532,16.55447
22.22865,22.7409,22.26183,16.52403
22.22865,22.73114,22.26183,16.5849
22.23517,22.73765,22.25857,16.56968
22.22865,22.7409,22.26183,16.56968
22.2254,22.74416,22.25857,16.53925
22.22214,22.74416,22.25857,16.55447
22.2254,22.7409,22.25532,16.53925
22.22214,22.72137,22.25532,16.52403
22.22214,22.72137,22.25532,16.55447
22.22214,22.71486,22.25532,16.5849
22.22865,22.71486,22.26183,16.56968
22.2254,22.7116,22.25532,16.56968
22.20586,22.70835,22.26834,16.5849
22.20586,22.69533,22.28136,16.56968
22.2026,22.70184,22.28136,16.55447
22.2026,22.70184,22.28136,16.53925
22.2026,22.69858,22.27485,16.50882
22.2026,22.70184,22.27811,16.55447
22.19283,22.69858,22.28136,16.55447
22.1798,22.69533,22.27811,16.52403
22.18306,22.69533,22.28136,16.52403
22.1798,22.69858,22.27485,16.52403
22.18306,22.68231,22.29764,16.52403
22.18957,22.6758,22.29764,16.55447
22.18306,22.6758,22.29764,16.52403
22.17655,22.6758,22.3009,16.52403
22.18957,22.6758,22.29764,16.55447
22.1798,22.67905,22.29439,16.55447
22.17655,22.65626,22.3009,16.53925
22.16678,22.64975,22.3009,16.56968
22.15701,22.65301,22.29439,16.55447
22.15375,22.65626,22.29764,16.5849
22.15049,22.65626,22.30741,16.5849
22.16352,22.65626,22.31718,16.5849
22.16352,22.65626,22.31393,16.56968
22.16026,22.64324,22.31393,16.55447
22.15701,22.64324,22.31718,16.55447
22.15049,22.64324,22.31393,16.5849
22.15049,22.64975,22.31393,16.55447
22.15049,22.64975,22.31393,16.55447
22.15049,22.6465,22.31393,16.55447
22.15049,22.6465,22.32044,16.5849
22.15375,22.62696,22.31393,16.55447
22.15049,22.63022,22.31718,16.56968
22.15049,22.62371,22.31393,16.60011
22.12444,22.62371,22.32044,16.5849
22.11793,22.63022,22.31393,16.5849
22.1277,22.62696,22.31393,16.5849
22.13096,22.61394,22.31393,16.52403
22.13096,22.60418,22.31393,16.52403
22.13747,22.60418,22.33346,16.53925
22.13421,22.61069,22.34649,16.55447
22.1277,22.61394,22.34649,16.56968
22.13096,22.60743,22.34649,16.5849
22.12444,22.61069,22.33997,16.56968
22.11142,22.61069,22.34323,16.55447
22.11142,22.60418,22.34323,16.5849
22.11793,22.59767,22.34649,16.55447
22.11467,22.59116,22.34649,16.55447
22.1049,22.59116,22.33997,16.55447
22.11142,22.59116,22.33997,16.60011
22.11142,22.58464,22.34649,16.61533
22.11793,22.58139,22.34649,16.5849
22.1049,22.59116,22.34649,16.56968
22.08211,22.58464,22.35951,16.61533
22.08536,22.59116,22.353,16.56968
22.08211,22.57162,22.35625,16.55447
22.08211,22.57162,22.35951,16.53925
22.08211,22.57488,22.353,16.53925
22.08536,22.57162,22.353,16.52403
22.08211,22.57162,22.353,16.55447
22.08211,22.56186,22.34974,16.55447
22.08536,22.5586,22.353,16.5849
22.08211,22.5586,22.35951,16.56968
22.07559,22.5586,22.353,16.5849
22.07885,22.5586,22.353,16.53925
22.07885,22.56186,22.35951,16.53925
22.08211,22.5586,22.37905,16.55447
22.07885,22.56511,22.37579,16.5849
22.07559,22.55209,22.37579,16.52403
22.07234,22.53907,22.37905,16.52403
22.07234,22.53581,22.37253,16.4936
22.06582,22.53907,22.37905,16.52403
22.0528,22.5293,22.3823,16.52403
22.0528,22.52279,22.38556,16.52403
22.0528,22.51954,22.38556,16.52403
22.04954,22.51303,22.37905,16.4936
22.04628,22.51303,22.37905,16.50882
22.04628,22.51303,22.37905,16.4936
22.04628,22.51954,22.38556,16.4936
22.03977,22.50652,22.37905,16.4936
22.04954,22.49349,22.37905,16.50882
22.04628,22.49349,22.3823,16.52403
22.04628,22.49349,22.37253,16.52403
22.03977,22.49675,22.38882,16.4936
22.04303,22.49675,22.39858,16.4936
22.04628,22.50001,22.39858,16.47839
22.04628,22.49675,22.39858,16.47839
22.04628,22.49675,22.39533,16.47839
22.04303,22.48373,22.40509,16.4936
22.01697,22.48047,22.39858,16.4936
22.01372,22.47396,22.39858,16.46317
22.02023,22.47396,22.39858,16.4936
22.01697,22.47396,22.39858,16.50882
22.01697,22.47722,22.39858,16.53925
22.02023,22.47396,22.39533,16.4936
22.02023,22.48047,22.39207,16.52403
22.02023,22.45117,22.39858,16.46317
22.00395,22.45443,22.39858,16.4936
22.00395,22.45443,22.39858,16.52403
21.99743,22.45117,22.40509,16.52403
21.99743,22.45117,22.40184,16.50882
22.00069,22.44792,22.41486,16.4936
21.99743,22.45443,22.41486,16.50882
22.00069,22.45443,22.41486,16.53925
22.0072,22.44792,22.41161,16.52403
22.00069,22.44792,22.41812,16.4936
21.98115,22.44141,22.42138,16.52403
21.98115,22.44141,22.42138,16.52403
21.97138,22.44141,22.42463,16.50882
21.98441,22.44141,22.41812,16.4936
21.98115,22.44141,22.42463,16.4936
21.98115,22.44466,22.41812,16.4936
21.98441,22.44141,22.41812,16.50882
21.98115,22.41862,22.41812,16.52403
21.97138,22.42188,22.41486,16.50882
21.96161,22.41862,22.42138,16.52403
21.9551,22.42188,22.42463,16.4936
21.9551,22.42188,22.42463,16.52403
21.9551,22.42188,22.43114,16.52403
21.96161,22.41862,22.42463,16.52403
21.9551,22.41537,22.42463,16.4936
21.9551,22.40885,22.42463,16.4936
21.9551,22.41537,22.43114,16.55447
21.94859,22.41211,22.42463,16.4936
21.95836,22.4056,22.42463,16.4936
21.95836,22.41537,22.42138,16.46317
21.93556,22.41537,22.42463,16.46317
21.93556,22.39583,22.42463,16.50882
21.93882,22.38932,22.43114,16.4936
21.9323,22.38607,22.42789,16.46317
21.93556,22.38281,22.42463,16.4936
21.93556,22.38607,22.42463,16.47839
21.92579,22.39258,22.43114,16.4936
21.90951,22.38932,22.42463,16.4936
21.91602,22.37956,22.4344,16.46317
21.90951,22.38281,22.43766,16.50882
21.90951,22.38281,22.43766,16.4936
21.91602,22.38932,22.44091,16.4936
21.91276,22.38281,22.43766,16.4936
21.90951,22.37956,22.44091,16.46317
21.90625,22.38607,22.43766,16.46317
21.91276,22.36979,22.44091,16.46317
21.90299,22.36328,22.43766,16.46317
21.90299,22.36328,22.44091,16.4936
21.90625,22.36653,22.43766,16.47839
21.90299,22.36653,22.44091,16.46317
21.90951,22.36653,22.43766,16.50882
21.90625,22.36328,22.43766,16.46317
21.90299,22.36653,22.4344,16.47839
21.90299,22.36002,22.44091,16.46317
21.90625,22.347,22.43766,16.4936
21.90951,22.35026,22.43766,16.4936
21.89974,22.34375,22.43114,16.46317
21.88345,22.35026,22.43766,16.47839
21.88345,22.35026,22.46371,16.52403
21.88345,22.347,22.46371,16.46317
21.8802,22.34049,22.46371,16.47839
21.87694,22.32096,22.45719,16.47839
21.87368,22.3177,22.45719,16.4936
21.87368,22.32096,22.45719,16.4936
21.8802,22.32421,22.46045,16.46317
21.87694,22.32421,22.47022,16.46317
21.87368,22.32421,22.46371,16.4936
21.87043,22.32096,22.46371,16.46317
21.87043,22.33073,22.45719,16.46317
21.87043,22.32096,22.46371,16.46317
21.87043,22.3177,22.46371,16.46317
21.87043,22.3177,22.47022,16.47839
21.87043,22.30143,22.45719,16.47839
21.87043,22.29817,22.46045,16.47839
21.87043,22.29492,22.46045,16.46317
21.87043,22.30468,22.46371,16.44796
21.86717,22.30468,22.46371,16.46317
21.87043,22.30143,22.46371,16.4936
21.86066,22.30468,22.46371,16.46317
21.85089,22.30143,22.46371,16.4936
21.84437,22.30468,22.46371,16.46317
21.85089,22.30468,22.46045,16.4936
21.84763,22.29166,22.46045,16.47839
21.85089,22.28841,22.46371,16.47839
21.84763,22.28515,22.47673,16.4936
21.84437,22.28515,22.47998,16.47839
21.85089,22.27864,22.47673,16.46317
21.84437,22.28515,22.47673,16.46317
21.83461,22.27864,22.47998,16.47839
21.83135,22.27864,22.47673,16.4936
21.83461,22.27213,22.47998,16.47839
21.83135,22.27539,22.47673,16.46317
21.83461,22.27539,22.47673,16.47839
21.83461,22.27213,22.47673,16.46317
21.83135,22.27539,22.47673,16.43274
21.83135,22.27539,22.48324,16.43274
21.81832,22.27864,22.47998,16.44796
21.81181,22.27864,22.47998,16.46317
21.8053,22.27539,22.47673,16.43274
21.80204,22.26562,22.48324,16.43274
21.80855,22.24609,22.47673,16.46317
21.8053,22.24934,22.48324,16.46317
21.8053,22.24934,22.48324,16.46317
21.8053,22.24934,22.48324,16.47839
21.8053,22.2526,22.48324,16.46317
21.81181,22.26562,22.47998,16.4936
21.8053,22.26562,22.48324,16.4936
21.79878,22.27213,22.47673,16.47839
21.78576,22.26562,22.47998,16.4936
21.78901,22.23957,22.47998,16.4936
21.79553,22.23957,22.48324,16.46317
21.78901,22.24283,22.48324,16.4936
21.79227,22.24283,22.48324,16.47839
21.78576,22.24609,22.47998,16.50882
21.78576,22.23957,22.48324,16.46317
21.78901,22.23957,22.47998,16.4936
21.77599,22.24283,22.48324,16.47839
21.77599,22.23632,22.50278,16.50882
21.77924,22.23957,22.49952,16.4936
21.77924,22.23957,22.49301,16.4936
21.77599,22.23957,22.49952,16.46317
21.77924,22.23957,22.49952,16.46317
21.7825,22.23957,22.50278,16.46317
21.77924,22.22004,22.49952,16.43274
21.77924,22.22004,22.50278,16.43274
21.77273,22.22004,22.50603,16.41753
21.76947,22.22004,22.49627,16.43274
21.77273,22.22004,22.49627,16.4936
21.76622,22.21353,22.49627,16.46317
21.75645,22.22004,22.50278,16.44796
21.75319,22.21353,22.49627,16.46317
21.75645,22.21679,22.50278,16.46317
21.75645,22.20377,22.50278,16.43274
21.7597,22.20702,22.51906,16.4936
21.76296,22.21028,22.52231,16.46317
21.75319,22.21028,22.52231,16.46317
21.75645,22.20702,22.52231,16.44796
21.75319,22.20702,22.52557,16.4936
21.73691,22.20702,22.52231,16.43274
21.73365,22.21028,22.52231,16.4936
21.73365,22.18749,22.52557,16.46317
21.72714,22.18423,22.52231,16.46317
21.73365,22.18098,22.52557,16.47839
21.73365,22.18749,22.52231,16.4936
21.73365,22.194,22.52557,16.4936
21.73691,22.18098,22.52231,16.46317
21.73365,22.18749,22.51906,16.47839
21.73365,22.18749,22.52231,16.46317
21.73039,22.18098,22.52883,16.46317
21.73365,22.18749,22.52557,16.4936
21.73365,22.18749,22.5158,16.47839
21.72714,22.18423,22.52231,16.46317
21.72388,22.18098,22.52883,16.47839
21.72062,22.18749,22.52231,16.46317
21.72062,22.17447,22.52883,16.50882
21.72062,22.16796,22.52231,16.50882
21.71737,22.16796,22.52231,16.52403
21.72062,22.1647,22.52231,16.4936
21.71411,22.16796,22.52231,16.4936
21.71411,22.16796,22.52231,16.52403
21.7076,22.15819,22.52231,16.4936
21.70434,22.15819,22.52883,16.52403
21.70434,22.16145,22.52557,16.50882
21.7076,22.16796,22.52231,16.4936
21.70434,22.16145,22.52883,16.4936
21.70434,22.16796,22.52231,16.50882
21.7076,22.14191,22.51906,16.53925
21.69783,22.14191,22.52231,16.4936
21.70434,22.14517,22.52883,16.52403
21.70108,22.14191,22.52231,16.53925
21.7076,22.14843,22.52883,16.55447
21.7076,22.14843,22.52883,16.55447
21.70108,22.14517,22.52231,16.53925
21.70108,22.14517,22.52231,16.50882
21.68155,22.14191,22.52231,16.53925
21.68155,22.12889,22.52231,16.50882
21.68155,22.11913,22.52231,16.53925
21.68155,22.12238,22.52231,16.53925
21.68155,22.12564,22.52557,16.53925
21.68806,22.12238,22.52231,16.52403
21.68155,22.12564,22.52883,16.50882
21.66852,22.12889,22.52231,16.52403
21.67503,22.12238,22.52231,16.52403
21.66852,22.12238,22.52883,16.50882
21.66852,22.12238,22.52557,16.4936
21.66852,22.12238,22.52231,16.4936
21.66852,22.1354,22.52883,16.4936
21.66852,22.12238,22.52883,16.4936
21.68155,22.12564,22.52883,16.4936
21.68155,22.12564,22.52231,16.46317
21.67829,22.10285,22.53208,16.46317
21.6848,22.09959,22.52231,16.52403
21.6848,22.09634,22.52883,16.52403
21.66201,22.09959,22.52557,16.50882
21.66526,22.10285,22.52883,16.50882
21.66201,22.10285,22.52557,16.4936
21.66526,22.09634,22.52231,16.52403
21.65549,22.09634,22.52231,16.4936
21.65224,22.09634,22.52231,16.47839
21.65549,22.08983,22.51906,16.52403
21.65875,22.08983,22.52557,16.50882
21.65549,22.08983,22.52231,16.52403
21.65549,22.08983,22.52231,16.52403
21.65549,22.08332,22.52231,16.52403
21.65875,22.08983,22.52883,16.55447
21.64247,22.08983,22.52231,16.52403
21.63921,22.08983,22.52557,16.50882
21.63595,22.08983,22.52231,16.52403
21.63921,22.08983,22.51906,16.52403
21.64247,22.0703,22.52557,16.52403
21.63921,22.0703,22.52557,16.4936
21.64247,22.0703,22.53859,16.50882
21.64247,22.06378,22.54836,16.52403
21.63921,22.0703,22.54836,16.50882
21.63595,22.0703,22.54836,16.4936
21.63595,22.06704,22.54511,16.50882
21.62293,22.0703,22.54185,16.52403
21.62293,22.06704,22.54836,16.4936
21.61316,22.07355,22.54185,16.53925
21.61641,22.07681,22.54511,16.55447
21.61967,22.07355,22.54511,16.52403
21.62293,22.0703,22.54185,16.55447
21.61967,22.0703,22.54185,16.52403
21.6099,22.0703,22.54836,16.55447
21.61641,22.0703,22.54511,16.55447
21.61641,22.07355,22.54185,16.55447
21.61641,22.07681,22.54511,16.5849
21.59362,22.06704,22.54511,16.55447
21.5871,22.05402,22.54836,16.5849
21.59036,22.05076,22.54836,16.53925
21.59362,22.05076,22.54836,16.55447
21.59687,22.05402,22.54185,16.55447
21.59362,22.04751,22.54511,16.55447
21.59362,22.03774,22.54511,16.53925
21.60013,22.041,22.54511,16.55447
21.59036,22.03774,22.54511,16.56968
21.59362,22.041,22.54185,16.56968
21.59687,22.03123,22.54836,16.56968
21.59687,22.03123,22.54185,16.52403
21.59362,22.041,22.54185,16.55447
21.59036,22.03123,22.54836,16.55447
21.58385,22.03449,22.53859,16.55447
21.57408,22.03449,22.54185,16.56968
21.57082,22.03774,22.54511,16.56968
21.57734,22.03123,22.54836,16.55447
21.57408,22.03774,22.54836,16.5849
21.57734,22.02798,22.53859,16.56968
21.57734,22.00519,22.54511,16.55447
21.57734,22.0117,22.54185,16.55447
21.57734,22.00193,22.54511,16.55447
21.57734,21.99868,22.54185,16.55447
21.57082,22.00193,22.54185,16.55447
21.56431,22.00519,22.54185,16.53925
21.56431,21.99868,22.54185,16.52403
21.56431,22.00519,22.54185,16.52403
21.56431,22.0117,22.54185,16.53925
21.56105,22.00519,22.53534,16.53925
21.56756,22.00519,22.54185,16.53925
21.56431,22.00844,22.54185,16.52403
21.56431,22.00519,22.54185,16.53925
21.56431,22.00519,22.54185,16.53925
21.56756,21.99217,22.54836,16.55447
21.55779,21.99217,22.54836,16.52403
21.54151,21.99868,22.54836,16.52403
21.54151,21.99868,22.54185,16.50882
21.54151,21.99542,22.54511,16.53925
21.53826,21.98891,22.54185,16.52403
21.54477,21.99868,22.54511,16.53925
21.53826,21.99217,22.54185,16.52403
21.54151,21.99217,22.54185,16.53925
21.53826,21.99217,22.54836,16.52403
21.53826,21.98891,22.54185,16.50882
21.53826,21.99217,22.54185,16.53925
21.53826,21.99868,22.54185,16.53925
21.53174,21.9824,22.54185,16.53925
21.52849,21.96938,22.54185,16.55447
21.51546,21.96612,22.54185,16.52403
21.52523,21.97264,22.54185,16.53925
21.52523,21.96612,22.54185,16.52403
21.52523,21.97264,22.54511,16.52403
21.52523,21.97264,22.54185,16.52403
21.52523,21.97264,22.54511,16.52403
21.52849,21.96612,22.53859,16.4936
21.52849,21.97264,22.54836,16.52403
21.52849,21.96612,22.53859,16.4936
21.53174,21.96612,22.54511,16.52403
21.535,21.97589,22.54185,16.55447
21.53174,21.96938,22.54185,16.52403
21.52849,21.96938,22.54185,16.50882
21.51872,21.96938,22.54185,16.52403
21.50569,21.9531,22.54185,16.52403
21.51546,21.96612,22.54185,16.4936
21.50569,21.96612,22.54185,16.52403
21.50569,21.95961,22.54185,16.52403
21.50569,21.95961,22.54185,16.50882
21.49918,21.96612,22.54185,16.4936
21.50569,21.96287,22.54185,16.52403
21.50569,21.96287,22.54185,16.52403
21.5122,21.95961,22.54836,16.52403
21.50569,21.95961,22.54511,16.53925
21.50569,21.94008,22.54836,16.52403
21.49266,21.93683,22.54185,16.52403
21.49266,21.94334,22.54185,16.52403
21.48615,21.94008,22.54185,16.4936
21.48615,21.93683,22.54836,16.4936
21.48615,21.93357,22.54511,16.52403
21.48615,21.94008,22.54185,16.4936
21.47638,21.94008,22.53534,16.4936
21.48615,21.94008,22.54511,16.53925
21.48615,21.94659,22.54836,16.53925
21.48615,21.94659,22.54511,16.52403
21.49266,21.94008,22.54511,16.4936
21.49266,21.94334,22.54836,16.47839
21.49266,21.94008,22.54185,16.46317
21.49266,21.94008,22.54511,16.46317
21.46987,21.94008,22.54185,16.4936
21.4601,21.93357,22.54185,16.52403
21.46661,21.93032,22.54836,16.50882
21.46661,21.92706,22.54185,16.4936
21.45358,21.93357,22.54836,16.52403
21.4601,21.93357,22.54185,16.50882
21.46661,21.93357,22.54185,16.52403
21.46661,21.94008,22.54836,16.52403
21.46661,21.93357,22.54185,16.50882
21.46661,21.93683,22.54185,16.52403
21.46661,21.93032,22.54185,16.50882
21.46335,21.93357,22.54836,16.52403
21.46661,21.94008,22.54511,16.52403
21.46661,21.93357,22.54836,16.50882
21.44056,21.93032,22.53534,16.53925
21.44707,21.93032,22.54511,16.4936
21.44707,21.91404,22.54185,16.50882
21.44056,21.91404,22.54185,16.52403
21.4373,21.91404,22.54185,16.52403
21.44707,21.91078,22.54185,16.52403
21.44056,21.91078,22.54185,16.50882
21.43405,21.91404,22.54836,16.50882
21.43405,21.91078,22.54185,16.4936
21.44056,21.90753,22.54185,16.52403
21.44056,21.91729,22.54836,16.52403
21.44382,21.91404,22.54185,16.53925
21.44707,21.90427,22.55162,16.4936
21.44382,21.91404,22.54185,16.4936
21.4373,21.91729,22.54836,16.4936
21.42753,21.91404,22.54836,16.52403
21.43405,21.91404,22.54511,16.52403
21.43405,21.90102,22.54185,16.52403
21.43079,21.89125,22.54185,16.52403
21.42753,21.888,22.53534,16.4936
21.43405,21.88474,22.54511,16.52403
21.43405,21.89125,22.54511,16.52403
21.42753,21.89125,22.54836,16.53925
21.42753,21.888,22.54185,16.55447
21.42753,21.88474,22.54185,16.4936
21.42102,21.89125,22.55162,16.52403
21.42428,21.89451,22.54511,16.52403
21.40799,21.888,22.54836,16.50882
21.40799,21.888,22.53859,16.52403
21.41125,21.888,22.54185,16.53925
21.4145,21.88148,22.54185,16.55447
21.4145,21.89125,22.54511,16.52403
21.41125,21.888,22.54185,16.52403
21.4145,21.86846,22.54836,16.52403
21.4145,21.86195,22.54836,16.52403
21.41125,21.86846,22.54836,16.52403
21.4145,21.87172,22.54836,16.52403
21.40799,21.87497,22.54185,16.53925
21.4145,21.86846,22.54836,16.55447
21.41125,21.86846,22.55162,16.52403
21.40799,21.87497,22.54185,16.55447
21.41776,21.87172,22.54185,16.52403
21.40148,21.87172,22.54511,16.52403
21.38845,21.87497,22.54185,16.5849
21.38845,21.86195,22.54185,16.52403
21.38845,21.87497,22.53859,16.55447
21.38845,21.86846,22.54511,16.52403
21.37543,21.86846,22.54511,16.5849
21.38194,21.86195,22.55162,16.5849
21.38845,21.8587,22.54185,16.55447
21.3852,21.87497,22.54836,16.55447
21.37217,21.87497,22.54511,16.53925
21.38845,21.86846,22.54185,16.52403
21.38194,21.84893,22.54185,16.52403
21.38194,21.84893,22.53534,16.55447
21.38194,21.85219,22.54836,16.56968
21.37868,21.84893,22.54185,16.52403
21.38194,21.84242,22.54185,16.52403
21.37543,21.84893,22.54185,16.55447
21.38194,21.84242,22.54836,16.55447
21.37543,21.84893,22.54185,16.55447
21.38194,21.84893,22.54836,16.55447
21.37543,21.84568,22.54836,16.52403
21.37868,21.84893,22.54836,16.55447
21.37543,21.85544,22.54836,16.56968
21.37868,21.83916,22.54185,16.55447
21.37217,21.82614,22.54836,16.5849
21.37543,21.81638,22.54836,16.55447
21.37868,21.82614,22.54185,16.60011
21.36891,21.82289,22.54836,16.56968
21.35914,21.82614,22.54185,16.55447
21.35589,21.82289,22.54511,16.55447
21.35589,21.82289,22.54836,16.55447
21.35589,21.81638,22.54836,16.56968
21.35589,21.82289,22.54185,16.55447
21.35589,21.81963,22.54185,16.52403
21.35589,21.82289,22.54836,16.55447
21.35914,21.82289,22.54836,16.53925
21.3624,21.82289,22.54836,16.55447
21.3624,21.82289,22.54185,16.52403
21.35263,21.82614,22.54836,16.55447
21.35914,21.81638,22.54185,16.60011
21.35589,21.81963,22.54836,16.55447
21.35263,21.82289,22.54185,16.55447
21.35589,21.81963,22.54185,16.56968
21.35263,21.8294,22.54511,16.56968
21.35263,21.8294,22.53208,16.5849
21.35263,21.82614,22.51906,16.55447
21.35263,21.82289,22.52231,16.52403
21.35589,21.8001,22.52231,16.56968
21.34612,21.80661,22.52883,16.55447
21.32983,21.80987,22.52557,16.55447
21.33635,21.80336,22.52231,16.52403
21.33635,21.80336,22.52231,16.55447
21.34286,21.80336,22.5158,16.56968
21.34286,21.80336,22.52231,16.52403
21.34612,21.79685,22.52231,16.55447
21.3396,21.80336,22.52231,16.55447
21.34286,21.79685,22.52231,16.60011
21.33635,21.80336,22.51906,16.53925
21.34286,21.80336,22.52231,16.56968
21.34937,21.80987,22.52231,16.55447
21.33635,21.80661,22.52231,16.56968
21.3396,21.79685,22.52231,16.55447
21.33635,21.79685,22.52231,16.55447
21.32006,21.79359,22.52231,16.53925
21.31681,21.79685,22.52883,16.5849
21.30378,21.78708,22.52883,16.56968
21.30378,21.79359,22.5158,16.52403
21.31029,21.79685,22.52231,16.53925
21.31029,21.79685,22.52231,16.55447
21.30704,21.79359,22.52231,16.5849
21.31029,21.79685,22.52231,16.55447
21.30378,21.79685,22.51906,16.55447
21.29076,21.78708,22.52231,16.55447
21.2875,21.79685,22.52231,16.55447
21.29076,21.79359,22.52557,16.55447
21.29076,21.79685,22.52231,16.56968
21.29076,21.79685,22.52231,16.56968
21.29076,21.79033,22.52231,16.60011
21.29076,21.79359,22.52231,16.56968
21.2875,21.78382,22.52231,16.5849
21.28424,21.7708,22.52231,16.56968
21.28424,21.7708,22.52231,16.56968
21.29076,21.7708,22.52557,16.61533
21.29727,21.77731,22.52883,16.5849
21.29727,21.7708,22.52231,16.55447
21.29401,21.77731,22.5158,16.61533
21.29727,21.7708,22.52231,16.56968
21.30053,21.77406,22.51906,16.55447
21.30378,21.77731,22.52231,16.53925
21.30378,21.77731,22.52231,16.5849
21.30378,21.77731,22.52231,16.60011
21.30378,21.77731,22.52557,16.61533
21.30053,21.77406,22.50278,16.64576
21.30378,21.77731,22.49627,16.56968
21.30378,21.78382,22.49627,16.61533
21.30053,21.7708,22.49627,16.61533
21.27773,21.7708,22.49627,16.61533
21.27773,21.7708,22.49627,16.64576
21.27447,21.7708,22.49952,16.64576
21.28424,21.76429,22.50278,16.5849
21.27773,21.75778,22.49952,16.60011
21.28424,21.76429,22.49952,16.5849
21.27773,21.75778,22.49627,16.61533
21.28424,21.75453,22.49952,16.61533
21.28424,21.75778,22.50278,16.61533
21.28424,21.76429,22.49952,16.64576
21.28099,21.75778,22.49627,16.64576
21.28424,21.75778,22.49627,16.61533
21.28424,21.76104,22.49952,16.63054
21.2647,21.75778,22.49627,16.61533
21.26145,21.75127,22.49627,16.5849
21.25819,21.75778,22.49627,16.61533
21.2647,21.76429,22.49627,16.64576
21.2647,21.75778,22.49952,16.64576
21.25819,21.76755,22.49627,16.6914
21.25493,21.75778,22.49952,16.67619
21.26145,21.76104,22.50278,16.64576
21.2647,21.76429,22.49952,16.64576
21.2647,21.74476,22.49627,16.63054
21.25819,21.7415,22.50278,16.61533
21.2647,21.74476,22.49952,16.60011
21.26796,21.73825,22.49627,16.60011
21.2647,21.7415,22.50603,16.61533
21.2647,21.73825,22.49627,16.5849
21.26145,21.73499,22.50278,16.5849
21.25168,21.74476,22.50278,16.5849
21.24191,21.74476,22.50278,16.61533
21.23865,21.74476,22.50278,16.5849
21.23865,21.73825,22.49627,16.5849
21.23865,21.7415,22.49952,16.5849
21.23539,21.73825,22.49627,16.63054
21.23539,21.73825,22.47998,16.60011
21.23214,21.74476,22.47998,16.5849
21.23539,21.73825,22.47998,16.61533
21.23865,21.74476,22.47998,16.61533
21.24191,21.74476,22.47673,16.63054
21.24516,21.74476,22.48324,16.6914
21.23865,21.7415,22.47673,16.61533
21.23865,21.73174,22.47998,16.64576
21.23865,21.73825,22.47998,16.5849
21.24191,21.72523,22.47673,16.61533
21.23214,21.72523,22.48324,16.61533
21.21911,21.73174,22.4865,16.64576
21.22237,21.73174,22.47998,16.60011
21.21911,21.73174,22.48324,16.64576
21.21911,21.73174,22.48324,16.64576
21.21911,21.73174,22.48324,16.63054
21.2126,21.72523,22.47673,16.64576
21.21911,21.73174,22.47673,16.61533
21.21911,21.72523,22.48324,16.61533
21.21585,21.71221,22.48324,16.64576
21.22237,21.70569,22.48324,16.66097
21.21911,21.71221,22.48324,16.66097
21.21911,21.71221,22.48324,16.64576
21.22562,21.70895,22.47673,16.66097
21.21911,21.71872,22.47998,16.61533
21.22237,21.71221,22.48324,16.64576
21.21911,21.71221,22.48324,16.64576
21.22237,21.70569,22.4865,16.61533
21.21911,21.70895,22.48975,16.61533
21.21911,21.70569,22.47998,16.63054
21.22562,21.70569,22.48324,16.63054
21.21585,21.71221,22.48324,16.61533
21.21585,21.70569,22.47998,16.64576
21.2126,21.71221,22.47998,16.61533
21.22562,21.71221,22.47673,16.64576
21.21911,21.71221,22.46696,16.61533
21.21911,21.71872,22.46045,16.64576
21.21911,21.71221,22.45719,16.64576
21.21585,21.70569,22.46371,16.61533
21.20608,21.70895,22.46371,16.64576
21.20934,21.71221,22.46371,16.5849
21.19957,21.71221,22.46371,16.66097
21.20608,21.70244,22.46045,16.64576
21.20934,21.68942,22.46045,16.64576
21.2126,21.68616,22.46371,16.64576
21.20934,21.68616,22.45719,16.64576
21.20608,21.68291,22.46696,16.66097
21.2126,21.68616,22.46371,16.64576
21.20608,21.68942,22.45719,16.67619
21.2126,21.68616,22.46371,16.64576
21.2126,21.68942,22.46371,16.67619
21.20608,21.67314,22.46371,16.67619
21.2126,21.68616,22.46371,16.67619
21.20608,21.68616,22.46371,16.6914
21.20283,21.69267,22.46045,16.66097
21.19957,21.68942,22.46371,16.63054
21.19306,21.68291,22.46696,16.64576
21.19957,21.68616,22.46696,16.66097
21.19957,21.67965,22.46045,16.64576
21.19306,21.68616,22.46045,16.66097
21.19957,21.68616,22.46696,16.66097
21.19957,21.68616,22.46696,16.67619
21.19306,21.69267,22.46371,16.66097
21.19957,21.68942,22.46371,16.66097
21.19957,21.68942,22.46371,16.67619
21.20283,21.68616,22.47022,16.66097
21.19957,21.68942,22.44417,16.66097
21.19957,21.68616,22.44417,16.67619
21.19957,21.68616,22.43766,16.64576
21.19957,21.69267,22.43766,16.72184
21.19631,21.66989,22.43766,16.67619
21.19957,21.66012,22.43766,16.66097
21.19631,21.66012,22.44417,16.66097
21.19957,21.66663,22.44091,16.67619
21.19306,21.66989,22.44417,16.67619
21.17352,21.66337,22.44417,16.66097
21.17026,21.66337,22.43766,16.67619
21.17677,21.66663,22.44417,16.6914
21.18003,21.66663,22.43766,16.6914
21.17352,21.66663,22.43766,16.67619
21.17677,21.66012,22.44091,16.67619
21.17352,21.66663,22.44417,16.70662
21.167,21.66663,22.43766,16.70662
21.17677,21.66989,22.43766,16.70662
21.17352,21.66663,22.43766,16.67619
21.17026,21.66012,22.43766,16.6914
21.18003,21.67314,22.44091,16.64576
21.17352,21.66012,22.43766,16.67619
21.17352,21.66012,22.44091,16.67619
21.18003,21.66663,22.44417,16.67619
21.17352,21.66012,22.44417,16.6914
21.17026,21.66337,22.44091,16.73705
21.16375,21.67314,22.43766,16.75227
21.167,21.65361,22.43766,16.72184
21.15398,21.64384,22.43766,16.6914
21.16049,21.65035,22.43766,16.67619
21.15398,21.6471,22.44091,16.66097
21.15398,21.64059,22.43766,16.67619
21.15398,21.6471,22.43766,16.67619
21.15398,21.64384,22.43114,16.64576
21.14747,21.6471,22.43766,16.70662
21.15398,21.64059,22.43114,16.72184
21.15398,21.64059,22.42463,16.67619
21.15724,21.64059,22.42463,16.67619
21.16049,21.65361,22.42463,16.66097
21.15398,21.6471,22.43114,16.67619
21.15398,21.6471,22.43114,16.66097
21.15398,21.64384,22.42463,16.66097
21.15724,21.6471,22.43114,16.67619
21.15398,21.6471,22.43114,16.66097
21.15398,21.65361,22.42789,16.64576
21.15398,21.64059,22.43114,16.66097
21.15398,21.6471,22.43114,16.67619
21.16049,21.6471,22.42789,16.64576
21.16049,21.6471,22.43114,16.66097
21.14747,21.63733,22.42463,16.64576
21.15724,21.62105,22.43114,16.64576
21.14747,21.62105,22.42463,16.64576
21.15398,21.62431,22.42463,16.67619
21.15398,21.62105,22.42463,16.64576
21.15398,21.62757,22.43114,16.64576
21.1377,21.62757,22.43114,16.64576
21.1377,21.62105,22.43114,16.61533
21.13444,21.62105,22.42463,16.64576
21.14095,21.62757,22.42463,16.61533
21.13444,21.62105,22.42463,16.67619
21.13444,21.62757,22.42789,16.64576
21.13444,21.62105,22.43114,16.64576
21.13444,21.62757,22.42463,16.63054
21.12793,21.62431,22.42463,16.66097
21.13444,21.62757,22.42463,16.64576
21.12793,21.62105,22.42463,16.64576
21.13444,21.62431,22.42789,16.61533
21.13444,21.62105,22.42463,16.64576
21.13444,21.62431,22.40835,16.64576
21.14095,21.62105,22.41161,16.64576
21.13444,21.62757,22.40509,16.66097
21.13444,21.62757,22.40509,16.66097
21.13444,21.63408,22.41161,16.67619
21.1149,21.62757,22.41161,16.6914
21.11164,21.62757,22.40184,16.64576
21.10839,21.62757,22.40184,16.64576
21.11164,21.62757,22.40509,16.64576
21.10839,21.63082,22.41161,16.64576
21.10513,21.62757,22.40509,16.64576
21.10839,21.62105,22.41161,16.64576
21.10513,21.62757,22.41161,16.61533
21.10839,21.62757,22.40835,16.64576
21.1149,21.62431,22.41161,16.64576
21.10839,21.60478,22.41161,16.61533
21.10839,21.60152,22.40509,16.64576
21.10839,21.59827,22.40509,16.61533
21.11164,21.60152,22.40184,16.64576
21.11164,21.60478,22.40835,16.64576
21.1149,21.60152,22.40509,16.66097
21.1149,21.60152,22.40509,16.64576
21.1149,21.59827,22.40509,16.64576
21.11164,21.60152,22.40509,16.61533
21.09536,21.59827,22.40509,16.63054
21.0921,21.60152,22.40835,16.64576
21.09862,21.60152,22.40184,16.67619
21.09536,21.59827,22.41161,16.64576
21.08885,21.60152,22.40835,16.61533
21.09536,21.60152,22.40509,16.64576
21.10187,21.60152,22.41161,16.63054
21.09536,21.60803,22.41161,16.61533
21.08885,21.59827,22.41161,16.61533
21.08885,21.60478,22.40184,16.61533
21.08885,21.60478,22.40509,16.63054
21.08885,21.60152,22.41161,16.64576
21.07908,21.60152,22.40509,16.64576
21.09536,21.60478,22.41812,16.64576
21.0921,21.60152,22.40835,16.61533
21.08233,21.59176,22.40509,16.66097
21.07582,21.59501,22.38882,16.64576
21.08559,21.60152,22.38556,16.64576
21.08885,21.59176,22.39207,16.61533
21.08559,21.59501,22.39207,16.63054
21.08559,21.59176,22.38556,16.61533
21.08885,21.5885,22.38882,16.61533
21.08885,21.59501,22.38556,16.61533
21.08885,21.59501,22.38882,16.61533
21.08885,21.5885,22.38556,16.61533
21.0921,21.5885,22.38556,16.61533
21.06931,21.59501,22.38556,16.64576
21.07582,21.59176,22.38556,16.63054
21.06931,21.59176,22.39207,16.67619
21.06931,21.59176,22.38556,16.64576
21.07582,21.58525,22.38882,16.64576
21.06931,21.59176,22.38556,16.64576
21.06931,21.59501,22.38882,16.61533
21.07256,21.59176,22.38556,16.61533
21.07582,21.5885,22.39207,16.64576
21.06279,21.58525,22.3823,16.63054
21.06931,21.59176,22.38556,16.60011
21.06605,21.5885,22.39207,16.61533
21.07256,21.5885,22.38556,16.61533
21.06605,21.59827,22.39207,16.60011
21.06931,21.59501,22.38882,16.63054
21.06931,21.59501,22.38556,16.60011
21.07256,21.59176,22.37905,16.5849
21.06931,21.5885,22.37253,16.61533
21.07256,21.56897,22.37253,16.61533
21.06931,21.56897,22.37253,16.61533
21.06931,21.57548,22.37579,16.5849
21.06931,21.56897,22.37579,16.61533
21.07256,21.57222,22.37579,16.5849
21.07256,21.57548,22.37253,16.60011
21.07582,21.56897,22.37905,16.5849
21.06931,21.57222,22.37905,16.5849
21.06931,21.57548,22.37905,16.5849
21.04977,21.56897,22.38556,16.56968
21.04977,21.57548,22.37253,16.52403
21.05302,21.56897,22.37253,16.55447
21.04977,21.56897,22.37579,16.56968
21.04977,21.56897,22.37579,16.5849
21.04977,21.57548,22.37579,16.56968
21.05302,21.57548,22.3823,16.5849
21.05628,21.57222,22.37579,16.55447
21.05302,21.57873,22.37579,16.56968
21.05302,21.57548,22.37579,16.53925
21.04977,21.57548,22.37579,16.55447
21.04977,21.56897,22.37253,16.55447
21.04977,21.57222,22.37905,16.55447
21.04977,21.57222,22.37253,16.5849
21.05628,21.56571,22.37579,16.55447
21.05302,21.56897,22.37253,16.56968
21.05628,21.57548,22.37579,16.56968
21.04977,21.56246,22.37253,16.52403
21.04977,21.5592,22.37905,16.53925
21.05628,21.55595,22.37905,16.56968
21.04977,21.5592,22.37905,16.52403
21.05628,21.56246,22.37905,16.55447
21.04651,21.5592,22.37253,16.52403
21.05302,21.5592,22.37579,16.55447
21.04977,21.56246,22.37579,16.53925
21.05628,21.56246,22.37905,16.55447
21.04325,21.56897,22.37253,16.53925
21.04977,21.56246,22.37253,16.55447
21.05628,21.56246,22.37905,16.53925
21.04325,21.56571,22.37579,16.52403
21.04977,21.55595,22.37905,16.55447
21.04651,21.5592,22.37905,16.50882
21.04977,21.56246,22.37253,16.53925
21.05628,21.56246,22.37579,16.53925
21.05628,21.56246,22.353,16.56968
21.05302,21.56897,22.34974,16.55447
21.05628,21.55595,22.353,16.53925
21.04977,21.56246,22.353,16.55447
21.05302,21.5592,22.34974,16.53925
21.04977,21.56246,22.353,16.52403
21.04977,21.5592,22.35625,16.53925
21.05628,21.56246,22.353,16.52403
21.04977,21.56246,22.35951,16.52403
21.05628,21.56897,22.353,16.52403
21.05628,21.56571,22.353,16.52403
21.04977,21.55595,22.353,16.53925
21.04325,21.56246,22.353,16.52403
21.02697,21.56246,22.353,16.52403
21.02697,21.55595,22.353,16.52403
21.03023,21.5592,22.353,16.4936
21.02697,21.56571,22.353,16.52403
21.03023,21.55595,22.34649,16.4936
21.03023,21.56246,22.353,16.50882
21.03023,21.56246,22.353,16.52403
21.03023,21.5592,22.353,16.4936
21.02371,21.56246,22.353,16.52403
21.02371,21.5592,22.34974,16.52403
21.03023,21.56571,22.353,16.50882
21.03348,21.56246,22.34974,16.50882
21.02371,21.5592,22.353,16.50882
21.02371,21.55595,22.34649,16.4936
21.02371,21.56246,22.34649,16.4936
21.02371,21.56246,22.353,16.50882
21.02371,21.56246,22.353,16.52403
21.02046,21.55595,22.34974,16.50882
21.02371,21.5592,22.34974,16.53925
21.02371,21.53642,22.34974,16.50882
21.02371,21.53316,22.34649,16.4936
21.02371,21.54618,22.34649,16.52403
21.02371,21.53316,22.353,16.50882
21.02371,21.5299,22.34649,16.4936
21.02371,21.53642,22.34649,16.4936
21.02371,21.53642,22.34649,16.50882
21.02046,21.53316,22.33346,16.4936
21.02371,21.5299,22.33997,16.50882
21.02046,21.53642,22.33346,16.47839
21.02371,21.53967,22.3302,16.4936
21.02371,21.53316,22.33346,16.4936
21.02046,21.53642,22.33346,16.4936
21.02697,21.53642,22.33346,16.4936
21.03023,21.53642,22.33346,16.53925
21.02371,21.53642,22.33346,16.50882
21.0172,21.53316,22.33346,16.4936
21.02697,21.53642,22.33346,16.55447
21.02046,21.53316,22.33346,16.50882
21.02697,21.53642,22.33346,16.53925
21.02697,21.53642,22.3302,16.53925
21.0172,21.52339,22.32695,16.52403
21.00418,21.53642,22.3302,16.50882
21.00092,21.53967,22.3302,16.4936
21.01069,21.53967,22.33997,16.52403
21.00418,21.53316,22.33997,16.53925
21.00418,21.53642,22.33346,16.53925
21.01069,21.54293,22.33346,16.52403
21.01069,21.53642,22.33346,16.52403
21.00418,21.53642,22.33346,16.55447
21.00418,21.54293,22.3302,16.52403
21.00418,21.53642,22.33346,16.52403
21.00418,21.5299,22.33346,16.55447
21.00418,21.53316,22.3302,16.53925
21.00743,21.53316,22.33346,16.50882
21.00418,21.53642,22.33346,16.52403
21.00743,21.53316,22.33346,16.55447
21.01069,21.54293,22.33346,16.55447
21.00418,21.53642,22.33997,16.53925
21.00418,21.54293,22.33346,16.53925
21.00743,21.53967,22.33346,16.55447
21.00092,21.51363,22.3302,16.55447
21.00418,21.51363,22.33672,16.53925
21.00418,21.51688,22.33346,16.52403
21.01069,21.51688,22.33346,16.52403
21.00418,21.51037,22.33346,16.55447
20.99115,21.52014,22.33346,16.52403
20.99441,21.51363,22.33346,16.55447
21.00092,21.51688,22.33346,16.52403
20.99115,21.51688,22.33346,16.50882
20.99766,21.51688,22.33346,16.50882
20.99766,21.51688,22.33346,16.52403
20.99766,21.52665,22.3302,16.52403
20.99115,21.5299,22.3302,16.4936
20.99441,21.52339,22.3302,16.4936
20.99766,21.53316,22.33346,16.4936
20.99441,21.52339,22.33346,16.50882
21.00418,21.5299,22.33346,16.52403
20.99441,21.52665,22.33997,16.4936
20.99766,21.52339,22.33997,16.52403
20.99766,21.52014,22.33346,16.50882
20.99766,21.52339,22.33346,16.52403
21.00092,21.52339,22.33346,16.4936
21.00092,21.52665,22.3302,16.52403
21.00418,21.52339,22.32044,16.52403
20.99766,21.5299,22.32044,16.4936
20.97812,21.52665,22.32044,16.47839
20.97487,21.52665,22.31718,16.50882
20.97161,21.52665,22.31393,16.47839
20.97487,21.5299,22.31067,16.50882
20.97161,21.5299,22.31718,16.50882
20.97812,21.50386,22.31067,16.4936
20.97812,21.50061,22.30741,16.52403
20.96835,21.50061,22.32044,16.52403
20.97161,21.49735,22.31393,16.52403
20.97487,21.49735,22.30741,16.52403
20.97487,21.50386,22.31067,16.50882
20.97161,21.50386,22.30741,16.47839
20.97161,21.49735,22.30741,16.46317
20.97161,21.4941,22.31393,16.4936
20.96835,21.49735,22.31718,16.4936
20.97487,21.50386,22.30741,16.46317
20.96835,21.49735,22.31718,16.50882
20.96835,21.50061,22.31393,16.50882
20.97161,21.49735,22.31718,16.4936
20.97161,21.4941,22.31393,16.50882
20.97161,21.49735,22.31393,16.4936
20.97161,21.49735,22.31393,16.50882
20.97487,21.49735,22.31393,16.4936
20.97161,21.49735,22.31393,16.4936
20.97812,21.50061,22.31067,16.52403
20.97161,21.49735,22.32044,16.4936
20.96835,21.49084,22.31067,16.50882
20.97161,21.50061,22.31393,16.4936
20.97812,21.50386,22.31393,16.4936
20.97812,21.50386,22.31718,16.52403
20.97161,21.49735,22.31718,16.4936
20.97487,21.50061,22.31718,16.4936
20.97487,21.50061,22.31393,16.52403
20.97487,21.50386,22.31393,16.4936
20.97812,21.49735,22.31393,16.52403
20.97161,21.50386,22.32044,16.50882
20.97161,21.49735,22.31718,16.50882
20.97161,21.4941,22.31393,16.4936
20.97161,21.50061,22.28788,16.52403
20.97161,21.50061,22.29439,16.4936
20.97161,21.50061,22.28788,16.4936
20.97161,21.50061,22.28788,16.52403
20.97161,21.48758,22.29113,16.52403
20.96835,21.48758,22.28788,16.50882
20.97161,21.48433,22.28788,16.52403
20.95533,21.49084,22.29439,16.4936
20.94556,21.4941,22.29439,16.4936
20.95207,21.4941,22.28788,16.50882
20.94556,21.49084,22.29113,16.52403
20.95207,21.48758,22.28788,16.4936
20.95207,21.49084,22.29439,16.4936
20.95207,21.48758,22.29113,16.47839
20.95207,21.49084,22.28788,16.4936
20.95207,21.48433,22.28788,16.50882
20.95858,21.48758,22.28788,16.47839
20.95533,21.48433,22.28788,16.50882
20.95207,21.49084,22.28788,16.4936
20.95207,21.49084,22.28788,16.52403
20.95858,21.49084,22.29113,16.4936
20.95207,21.4941,22.29439,16.50882
20.94881,21.48758,22.29439,16.4936
20.95207,21.48758,22.29113,16.4936
20.95533,21.48758,22.28788,16.46317
20.95858,21.49084,22.28788,16.50882
20.95533,21.49084,22.28788,16.4936
20.94556,21.4941,22.29113,16.4936
20.93904,21.49084,22.28788,16.4936
20.93579,21.49084,22.28788,16.52403
20.93253,21.49084,22.28788,16.4936
20.93253,21.48758,22.28788,16.4936
20.93253,21.49084,22.29113,16.4936
20.92602,21.49084,22.28788,16.4936
20.93904,21.49084,22.29113,16.4936
20.93253,21.48758,22.28788,16.4936
20.93253,21.48433,22.28788,16.46317
20.93253,21.48107,22.29439,16.46317
20.93904,21.48758,22.28788,16.46317
20.92927,21.4648,22.28788,16.4936
20.93253,21.46154,22.28788,16.46317
20.93579,21.4648,22.29113,16.4936
20.93253,21.4648,22.28788,16.46317
20.93904,21.46154,22.29113,16.43274
20.93253,21.4648,22.29113,16.47839
20.92602,21.45829,22.28788,16.44796
20.93253,21.46154,22.28788,16.47839
20.93253,21.46154,22.28788,16.4936
20.93579,21.4648,22.28788,16.43274
20.93253,21.4648,22.28788,16.47839
20.92602,21.4648,22.26508,16.4936
20.93253,21.4648,22.2716,16.46317
20.92602,21.46805,22.26834,16.47839
20.92927,21.4648,22.27485,16.46317
20.92927,21.47131,22.26834,16.46317
20.93253,21.4648,22.2716,16.46317
20.93904,21.45178,22.26834,16.50882
20.93904,21.4648,22.26834,16.47839
20.93253,21.46805,22.2716,16.46317
20.93579,21.4648,22.2716,16.47839
20.9195,21.4648,22.26834,16.44796
20.91299,21.4648,22.2716,16.44796
20.90973,21.46805,22.26834,16.47839
20.91625,21.4648,22.26834,16.46317
20.90973,21.46805,22.26508,16.4936
20.91299,21.4648,22.26834,16.46317
20.90973,21.4648,22.26834,16.47839
20.91299,21.46154,22.26508,16.46317
20.90648,21.45829,22.27485,16.47839
20.90648,21.45829,22.26834,16.4936
20.91625,21.47131,22.26834,16.4936
20.91299,21.45829,22.26834,16.47839
20.90973,21.45503,22.26834,16.4936
20.91299,21.45829,22.2716,16.47839
20.91299,21.45178,22.26834,16.43274
20.91625,21.44526,22.26834,16.43274
20.90973,21.44852,22.26834,16.43274
20.90973,21.43875,22.26834,16.47839
20.91625,21.44526,22.26834,16.43274
20.9195,21.45178,22.2716,16.47839
20.91299,21.44201,22.2716,16.46317
20.91299,21.44526,22.26834,16.4936
20.91299,21.44201,22.26508,16.4936
20.91299,21.44526,22.26834,16.47839
20.90973,21.43875,22.26183,16.46317
20.91299,21.44852,22.26834,16.47839
20.91625,21.44526,22.2716,16.41753
20.91625,21.44526,22.26834,16.43274
20.91299,21.45178,22.26834,16.43274
20.91299,21.44201,22.26834,16.4936
20.90973,21.44526,22.26834,16.46317
20.90973,21.44201,22.26834,16.43274
20.90973,21.44201,22.2716,16.46317
20.91299,21.44526,22.26834,16.44796
20.90973,21.44526,22.26834,16.4936
20.9195,21.44526,22.26834,16.46317
20.91299,21.43875,22.26508,16.43274
20.91299,21.44201,22.26834,16.44796
20.91299,21.44201,22.26834,16.4936
20.91625,21.44526,22.27485,16.44796
20.91625,21.44526,22.26834,16.46317
20.91299,21.44852,22.26834,16.47839
20.91625,21.44526,22.26834,16.47839
20.91299,21.44852,22.27485,16.46317
20.91625,21.44526,22.26834,16.46317
20.90973,21.44852,22.26834,16.43274
20.89345,21.44201,22.2716,16.46317
20.88694,21.44526,22.25857,16.4936
20.88694,21.41922,22.25532,16.46317
20.88368,21.42573,22.25532,16.46317
20.88694,21.42573,22.26183,16.46317
20.89019,21.42573,22.26183,16.46317
20.88694,21.42899,22.26183,16.46317
20.89019,21.42573,22.25857,16.44796
20.89345,21.43224,22.25857,16.47839
20.89019,21.42573,22.25532,16.43274
20.89019,21.42573,22.25532,16.44796
20.89345,21.42573,22.25857,16.44796
20.88368,21.42573,22.25532,16.41753
20.89019,21.42248,22.25532,16.46317
20.89019,21.42899,22.26183,16.43274
20.89345,21.42573,22.26183,16.43274
20.89345,21.41922,22.25532,16.41753
20.89345,21.41922,22.25857,16.40231
20.88694,21.41922,22.26183,16.41753
20.88694,21.43224,22.25532,16.43274
20.89019,21.42573,22.25532,16.43274
20.89345,21.41597,22.25857,16.44796
20.89019,21.42248,22.25857,16.46317
20.89019,21.42248,22.25532,16.43274
20.88694,21.42899,22.26183,16.44796
20.88694,21.41922,22.25532,16.46317
20.88694,21.42248,22.25532,16.43274
20.88694,21.41922,22.26183,16.44796
20.88368,21.41922,22.26183,16.38709
20.88694,21.42899,22.26183,16.41753
20.88368,21.42573,22.25857,16.41753
20.87717,21.42573,22.25857,16.40231
20.87717,21.42573,22.25532,16.40231
20.87391,21.42248,22.25532,16.40231
20.87391,21.42248,22.26183,16.40231
20.87391,21.42573,22.25857,16.40231
20.87065,21.42248,22.25857,16.41753
20.87391,21.42573,22.26183,16.40231
20.87391,21.42899,22.26183,16.41753
20.87717,21.42248,22.26183,16.43274
20.88042,21.42573,22.26183,16.43274
20.87717,21.42573,22.26183,16.43274
20.88042,21.43224,22.25857,16.44796
20.88042,21.42899,22.25857,16.41753
20.87717,21.43224,22.25857,16.40231
20.88042,21.43224,22.25857,16.46317
20.87717,21.42248,22.25857,16.46317
20.88368,21.41922,22.25532,16.47839
20.87391,21.42248,22.25857,16.4936
20.87391,21.42899,22.26183,16.47839
20.88042,21.42573,22.25206,16.46317
20.88042,21.41271,22.24555,16.4936
20.88042,21.41271,22.24229,16.4936
20.88042,21.40294,22.23578,16.43274
20.88368,21.40946,22.23578,16.43274
20.88042,21.40946,22.24229,16.44796
20.87717,21.4062,22.24229,16.43274
20.88042,21.4062,22.24229,16.46317
20.87717,21.41271,22.2488,16.47839
20.88042,21.4062,22.23904,16.46317
20.88042,21.40946,22.23904,16.44796
20.87391,21.40946,22.24229,16.44796
20.86089,21.4062,22.24229,16.44796
20.86414,21.4062,22.23578,16.44796
20.86089,21.41271,22.24229,16.43274
20.85763,21.41597,22.23578,16.43274
20.86414,21.41271,22.24229,16.43274
20.85763,21.41271,22.24555,16.44796
20.8674,21.4062,22.23904,16.43274
20.85763,21.40946,22.23578,16.46317
20.85437,21.41597,22.23578,16.41753
20.85437,21.4062,22.24555,16.46317
20.85437,21.41271,22.24229,16.46317
20.85437,21.40946,22.24229,16.46317
20.86089,21.4062,22.24229,16.47839
20.85763,21.4062,22.23904,16.46317
20.86089,21.41597,22.23578,16.4936
20.85763,21.41271,22.24229,16.46317
20.85437,21.40946,22.23904,16.46317
20.85763,21.4062,22.23578,16.46317
20.85437,21.41271,22.23578,16.47839
20.85437,21.41271,22.23904,16.4936
20.85763,21.4062,22.23578,16.43274
20.85437,21.41271,22.23904,16.4936
20.85437,21.39969,22.23904,16.41753
20.86089,21.39318,22.24229,16.47839
20.86089,21.39318,22.23578,16.47839
20.86089,21.39318,22.23904,16.44796
20.86089,21.39318,22.24229,16.46317
20.86089,21.39318,22.23904,16.4936
20.85763,21.39318,22.23578,16.4936
20.86089,21.39318,22.23904,16.4936
20.86089,21.39318,22.23904,16.46317
20.86089,21.39318,22.23578,16.47839
20.84135,21.38667,22.23904,16.4936
20.84135,21.38016,22.23578,16.4936
20.82832,21.39318,22.24229,16.46317
20.84135,21.38667,22.23578,16.47839
20.83483,21.38667,22.23578,16.4936
20.83809,21.38667,22.23904,16.46317
20.83483,21.38992,22.23578,16.46317
20.84135,21.38667,22.21624,16.46317
20.84786,21.38992,22.21624,16.46317
20.84786,21.38992,22.21299,16.4936
20.85112,21.38667,22.21299,16.4936
20.84786,21.39318,22.21624,16.4936
20.85112,21.38667,22.21299,16.43274
20.85437,21.39643,22.21624,16.46317
20.85437,21.38992,22.20973,16.47839
20.85437,21.38667,22.21624,16.46317
20.85437,21.39318,22.21299,16.4936
20.84786,21.39318,22.20973,16.47839
20.85437,21.39643,22.21299,16.43274
20.84786,21.39318,22.20973,16.4936
20.84786,21.39318,22.21624,16.4936
20.85437,21.39318,22.21624,16.47839
20.85112,21.39318,22.21624,16.52403
20.85437,21.38992,22.21299,16.4936
20.85112,21.39318,22.21299,16.4936
20.85437,21.38667,22.21299,16.50882
20.85437,21.39318,22.21299,16.4936
20.85437,21.39318,22.21624,16.47839
20.85437,21.38667,22.21299,16.47839
20.85437,21.38667,22.21624,16.47839
20.84786,21.38667,22.20973,16.50882
20.84786,21.39318,22.21624,16.52403
20.84786,21.38992,22.21624,16.52403
20.85437,21.38992,22.20973,16.50882
20.85437,21.39318,22.21624,16.50882
20.85437,21.38667,22.21624,16.4936
20.82181,21.39318,22.21624,16.4936
20.83158,21.38992,22.21299,16.4936
20.82832,21.38992,22.21624,16.52403
20.82832,21.38667,22.21624,16.4936
20.82832,21.38992,22.21299,16.50882
20.82506,21.3769,22.21624,16.52403
20.82832,21.36714,22.21624,16.50882
20.82832,21.36714,22.21624,16.4936
20.82832,21.37039,22.20647,16.4936
20.82506,21.36388,22.20973,16.46317
20.83158,21.37365,22.21624,16.47839
20.83158,21.36714,22.21624,16.46317
20.82832,21.37039,22.21624,16.4936
20.82832,21.37039,22.21299,16.4936
20.82181,21.36062,22.21624,16.50882
20.82832,21.36062,22.21299,16.52403
20.82832,21.36714,22.21624,16.50882
20.82832,21.37365,22.21624,16.53925
20.82832,21.36714,22.21624,16.50882
20.83158,21.36388,22.21624,16.52403
20.82832,21.36714,22.2195,16.52403
20.82832,21.38016,22.21624,16.46317
20.83158,21.36714,22.20973,16.4936
20.82832,21.36714,22.20322,16.50882
20.82832,21.36714,22.19996,16.52403
20.83158,21.35411,22.20647,16.52403
20.82832,21.36388,22.20322,16.52403
20.82506,21.37039,22.20322,16.52403
20.82832,21.37365,22.20322,16.52403
20.82832,21.36714,22.20647,16.52403
20.82832,21.36388,22.20647,16.55447
20.82832,21.37365,22.20647,16.46317
20.82506,21.38016,22.20322,16.4936
20.81855,21.37039,22.20647,16.47839
20.82832,21.36714,22.20973,16.4936
20.83158,21.36714,22.20647,16.52403
20.83483,21.36714,22.19671,16.52403
20.82832,21.36714,22.20647,16.4936
20.82832,21.36062,22.19996,16.50882
20.83158,21.36714,22.19671,16.52403
20.82832,21.36714,22.19996,16.4936
20.83158,21.36714,22.19671,16.4936
20.83158,21.36388,22.20322,16.52403
20.82832,21.37365,22.19996,16.50882
20.82506,21.37365,22.20322,16.50882
20.82832,21.36714,22.20322,16.46317
20.82181,21.36714,22.20322,16.52403
20.82506,21.36714,22.20322,16.4936
20.82181,21.37039,22.20322,16.50882
20.82832,21.37365,22.20322,16.52403
20.82181,21.36714,22.20973,16.4936
20.82181,21.36714,22.20322,16.55447
20.82506,21.36714,22.20322,16.52403
20.80878,21.36062,22.20322,16.52403
20.80878,21.35737,22.20322,16.4936
20.80878,21.36062,22.20322,16.50882
20.80227,21.36714,22.19671,16.52403
20.80878,21.36062,22.20322,16.50882
20.80878,21.35737,22.20322,16.52403
20.80878,21.35411,22.19671,16.52403
20.80552,21.35737,22.20322,16.47839
20.80878,21.36062,22.20322,16.52403
20.80878,21.36062,22.20647,16.50882
20.81529,21.35411,22.20322,16.52403
20.80878,21.35737,22.20322,16.50882
20.80878,21.36062,22.20322,16.4936
20.81204,21.36062,22.20322,16.47839
20.81529,21.36714,22.20647,16.52403
20.80552,21.35737,22.20322,16.4936
20.80227,21.36388,22.20322,16.4936
20.80227,21.36062,22.20322,16.4936
20.81204,21.36062,22.20322,16.47839
20.80878,21.36062,22.20322,16.46317
20.81204,21.36062,22.20322,16.46317
20.80552,21.35737,22.20322,16.4936
20.80878,21.35411,22.19671,16.46317
20.80878,21.36062,22.19671,16.4936
20.80878,21.35737,22.20647,16.52403
20.80878,21.35411,22.20322,16.4936
20.80552,21.36062,22.20322,16.52403
20.80878,21.36062,22.20647,16.46317
20.80552,21.35737,22.20647,16.52403
20.80878,21.35411,22.20973,16.50882
20.81529,21.36062,22.20322,16.52403
20.81529,21.35411,22.20322,16.52403
20.81204,21.36062,22.19996,16.52403
20.80878,21.36062,22.20973,16.4936
20.80552,21.36062,22.18694,16.50882
20.81204,21.36714,22.18368,16.4936
20.80227,21.36062,22.19019,16.53925
20.80878,21.36062,22.18368,16.50882
20.80227,21.35737,22.18694,16.52403
20.80878,21.36062,22.19019,16.53925
20.80552,21.35411,22.18368,16.52403
20.81529,21.36062,22.18368,16.52403
20.80552,21.36388,22.18694,16.52403
20.80227,21.35737,22.18368,16.52403
20.81529,21.36388,22.18368,16.50882
20.81204,21.36714,22.18368,16.52403
20.81529,21.36062,22.18694,16.53925
20.78273,21.36062,22.18368,16.52403
20.78924,21.36062,22.19019,16.55447
20.78924,21.36062,22.18368,16.53925
20.78924,21.35411,22.18043,16.52403
20.78924,21.36062,22.18368,16.55447
20.7925,21.36062,22.18368,16.53925
20.79575,21.3476,22.19019,16.55447
20.78924,21.36062,22.18368,16.52403
20.78924,21.35411,22.17717,16.55447
20.78924,21.35737,22.18368,16.55447
20.79575,21.36388,22.18368,16.55447
20.78924,21.35737,22.18368,16.55447
20.78598,21.35737,22.18368,16.52403
20.78273,21.32156,22.18694,16.4936
20.78924,21.3183,22.18368,16.53925
20.78273,21.32807,22.18368,16.52403
20.7925,21.32156,22.18368,16.52403
20.79575,21.32807,22.18694,16.52403
20.78273,21.32807,22.19019,16.52403
20.78924,21.32156,22.18368,16.52403
20.78924,21.32807,22.18694,16.52403
20.78924,21.32807,22.18694,16.52403
20.78598,21.32807,22.18368,16.50882
20.78924,21.32482,22.18368,16.55447
20.78924,21.32807,22.18694,16.55447
20.78924,21.32807,22.18368,16.55447
20.78924,21.32807,22.18368,16.52403
20.78924,21.32807,22.18368,16.52403
20.78273,21.32482,22.18694,16.52403
20.78924,21.32156,22.18368,16.52403
20.78924,21.32807,22.18694,16.52403
20.78598,21.32807,22.18368,16.53925
20.78273,21.32482,22.18694,16.52403
20.78598,21.32807,22.18694,16.53925
20.78598,21.32807,22.17717,16.52403
20.78924,21.32482,22.16089,16.52403
20.78273,21.32156,22.16415,16.53925
20.78598,21.32807,22.16415,16.52403
20.7925,21.32156,22.15763,16.52403
20.78598,21.32156,22.15763,16.52403
20.78924,21.32156,22.16089,16.55447
20.78273,21.32482,22.16415,16.53925
20.78273,21.32807,22.16415,16.55447
20.78924,21.32807,22.16089,16.53925
20.78924,21.32156,22.16415,16.52403
20.78273,21.32482,22.16089,16.55447
20.78924,21.32482,22.16089,16.53925
20.78924,21.32156,22.15763,16.55447
20.78598,21.32482,22.16415,16.55447
20.76319,21.32156,22.15763,16.55447
20.76319,21.32156,22.16089,16.55447
20.76644,21.32807,22.16089,16.55447
20.76644,21.32807,22.15763,16.52403
20.76319,21.32482,22.16089,16.56968
20.76644,21.32807,22.15763,16.5849
20.76319,21.32807,22.16415,16.52403
20.75993,21.32807,22.16415,16.55447
20.76319,21.32482,22.16415,16.55447
20.76319,21.32156,22.16089,16.55447
20.76319,21.32807,22.16415,16.55447
20.76319,21.32807,22.16415,16.5849
20.75667,21.32807,22.16089,16.56968
20.75667,21.32807,22.16089,16.5849
20.76319,21.32807,22.16415,16.55447
20.76319,21.32156,22.16089,16.55447
20.76644,21.32482,22.16089,16.60011
20.76644,21.32156,22.15763,16.55447
20.76644,21.32482,22.15763,16.55447
20.75993,21.32156,22.16415,16.55447
20.76319,21.32156,22.15763,16.56968
20.76319,21.32482,22.16415,16.5849
20.76319,21.32156,22.15763,16.55447
20.76319,21.32807,22.16415,16.53925
20.76319,21.32156,22.16415,16.53925
20.76319,21.32156,22.16089,16.55447
20.75993,21.32807,22.16415,16.55447
20.76644,21.32807,22.15763,16.55447
20.76319,21.32807,22.15763,16.56968
20.76319,21.32482,22.15763,16.5849
20.76644,21.32807,22.16415,16.5849
20.7697,21.32807,22.15763,16.55447
20.7697,21.32482,22.15763,16.5849
20.75993,21.32807,22.16089,16.53925
20.76644,21.31505,22.15763,16.55447
20.76319,21.31505,22.16089,16.52403
20.76319,21.30854,22.15763,16.5849
20.76644,21.31505,22.16415,16.55447
20.7697,21.32156,22.16089,16.55447
20.76319,21.31505,22.16415,16.52403
20.76319,21.3183,22.15763,16.55447
20.75993,21.3183,22.16415,16.55447
20.7697,21.31505,22.15763,16.55447
20.7697,21.31505,22.15763,16.56968
20.7697,21.31505,22.15763,16.55447
20.75667,21.3183,22.15112,16.56968
20.75016,21.32156,22.16089,16.56968
20.75016,21.30854,22.16415,16.55447
20.75016,21.3183,22.16415,16.4936
20.75342,21.31505,22.15763,16.4936
20.75016,21.30854,22.15438,16.52403
20.75993,21.31179,22.16089,16.52403
20.75342,21.31505,22.16415,16.52403
20.75667,21.31505,22.16415,16.52403
20.75667,21.31505,22.16415,16.4936
20.75667,21.31505,22.16415,16.50882
20.75667,21.30854,22.16089,16.50882
20.76319,21.31505,22.16415,16.4936
20.75993,21.3183,22.16415,16.4936
20.75667,21.31505,22.16415,16.50882
20.75667,21.30854,22.15763,16.50882
20.75667,21.31505,22.16415,16.4936
20.75667,21.31505,22.16415,16.52403
20.75342,21.32156,22.16415,16.4936
20.76319,21.3183,22.16089,16.50882
20.75667,21.31505,22.16415,16.52403
20.75667,21.31505,22.16089,16.50882
20.75667,21.31505,22.15438,16.52403
20.75016,21.31179,22.15763,16.52403
20.76319,21.3183,22.16415,16.4936
20.76319,21.31505,22.1674,16.53925
20.76319,21.31505,22.16415,16.52403
20.75667,21.31179,22.16089,16.53925
20.75993,21.31179,22.16415,16.52403
20.75667,21.31505,22.16415,16.4936
20.75342,21.31505,22.17066,16.50882
20.75667,21.31505,22.1381,16.52403
20.75993,21.31505,22.14461,16.46317
20.75993,21.31179,22.14461,16.4936
20.75667,21.31505,22.1381,16.4936
20.75342,21.31505,22.1381,16.50882
20.75667,21.31505,22.14461,16.47839
20.75667,21.32156,22.14786,16.47839
20.75667,21.31505,22.1381,16.4936
20.75667,21.32156,22.1381,16.47839
20.75016,21.31505,22.1381,16.4936
20.75342,21.31505,22.14135,16.4936
20.75342,21.31505,22.1381,16.4936
20.75342,21.31505,22.1381,16.47839
20.75667,21.31505,22.1381,16.46317
20.75016,21.31505,22.14135,16.4936
20.75667,21.31505,22.1381,16.46317
20.75667,21.31505,22.1381,16.47839
20.75016,21.31505,22.1381,16.4936
20.75016,21.31179,22.1381,16.4936
20.75016,21.31505,22.1381,16.46317
20.7469,21.31505,22.1381,16.4936
20.75667,21.3183,22.14461,16.46317
20.7469,21.31505,22.1381,16.46317
20.75016,21.31505,22.14461,16.46317
20.75342,21.31179,22.1381,16.4936
20.75016,21.31505,22.14135,16.47839
20.75342,21.32156,22.14461,16.47839
20.75342,21.31505,22.1381,16.4936
20.75016,21.32156,22.1381,16.50882
20.75342,21.31505,22.14461,16.4936
20.75667,21.31179,22.14461,16.4936
20.75667,21.31179,22.14461,16.46317
20.75342,21.3183,22.13158,16.46317
20.75667,21.31505,22.1381,16.46317
20.75342,21.29552,22.14135,16.47839
20.75667,21.28901,22.1381,16.46317
20.75667,21.30203,22.1381,16.4936
20.75667,21.30203,22.14461,16.46317
20.75016,21.29552,22.13484,16.44796
20.75667,21.29877,22.14135,16.4936
20.75342,21.29877,22.1381,16.46317
20.75016,21.29552,22.14135,16.47839
20.73062,21.29552,22.1381,16.46317
20.73713,21.29877,22.14135,16.46317
20.73713,21.29552,22.14135,16.44796
20.73062,21.30203,22.1381,16.4936
20.73062,21.29552,22.1381,16.46317
20.73062,21.29226,22.13484,16.46317
20.73388,21.29552,22.1381,16.46317
20.73713,21.29552,22.14461,16.40231
20.73062,21.29552,22.1381,16.41753
20.73062,21.28901,22.1381,16.43274
20.73713,21.29877,22.14461,16.46317
20.73713,21.28901,22.1381,16.46317
20.74039,21.28901,22.1381,16.40231
20.73713,21.29226,22.14135,16.43274
20.73062,21.29226,22.14135,16.44796
20.73388,21.29552,22.14135,16.46317
20.73713,21.29226,22.14461,16.44796
20.73713,21.28901,22.14461,16.46317
20.73388,21.30203,22.13158,16.46317
20.73713,21.29552,22.1381,16.46317
20.74365,21.29552,22.14135,16.46317
20.73713,21.29552,22.14135,16.46317
20.73713,21.29552,22.1381,16.43274
20.73713,21.29552,22.14135,16.44796
20.73713,21.28901,22.14135,16.43274
20.73713,21.29226,22.11856,16.41753
20.73713,21.30203,22.12507,16.41753
20.73713,21.29552,22.12507,16.46317
20.73388,21.29552,22.12182,16.40231
20.73713,21.29877,22.12507,16.43274
20.73713,21.29226,22.11856,16.40231
20.73388,21.29552,22.12182,16.44796
20.73062,21.29552,22.11856,16.43274
20.74039,21.27598,22.12507,16.40231
20.73062,21.27273,22.11856,16.41753
20.73713,21.27273,22.12182,16.41753
20.74039,21.27598,22.12507,16.40231
20.73388,21.26947,22.11856,16.40231
20.74365,21.27598,22.11856,16.40231
20.73713,21.27273,22.11856,16.37188
20.73388,21.26947,22.12507,16.41753
20.73713,21.27273,22.1153,16.40231
20.73388,21.27598,22.12507,16.40231
20.73062,21.26947,22.12507,16.40231
20.73062,21.27598,22.12507,16.41753
20.73388,21.27598,22.12182,16.40231
20.72736,21.26947,22.11856,16.41753
20.72411,21.26947,22.12507,16.40231
20.73388,21.27598,22.11856,16.41753
20.73062,21.27273,22.11205,16.40231
20.73062,21.26947,22.12182,16.40231
20.73713,21.27598,22.11856,16.38709
20.73388,21.27598,22.11856,16.37188
20.73388,21.27598,22.11856,16.38709
20.73388,21.27924,22.1153,16.40231
20.73713,21.27924,22.12182,16.35666
20.73713,21.27924,22.12507,16.37188
20.74039,21.27598,22.11856,16.38709
20.73062,21.27598,22.1153,16.37188
20.73713,21.27598,22.12507,16.37188
20.73388,21.27598,22.12507,16.40231
20.73062,21.27598,22.11856,16.37188
20.72736,21.27598,22.11856,16.34145
20.73713,21.26947,22.11856,16.37188
20.73062,21.26622,22.12182,16.37188
20.72736,21.27273,22.11856,16.34145
20.73713,21.27598,22.11856,16.37188
20.73062,21.27598,22.12182,16.37188
20.73388,21.27924,22.12507,16.40231
20.73062,21.27598,22.11856,16.37188
20.73713,21.27273,22.11205,16.35666
20.73388,21.27273,22.1153,16.37188
20.73388,21.27598,22.1153,16.34145
20.73713,21.26947,22.11856,16.34145
20.73713,21.26622,22.11856,16.34145
20.74039,21.27598,22.11856,16.34145
20.74039,21.27924,22.12182,16.31102
20.73388,21.27598,22.12507,16.35666
20.71759,21.27598,22.12507,16.35666
20.71759,21.26296,22.11856,16.37188
20.71434,21.27598,22.12507,16.37188
20.71759,21.27598,22.12182,16.34145
20.71759,21.27598,22.11205,16.34145
20.70783,21.26947,22.11856,16.32623
20.71759,21.27273,22.12507,16.34145
20.71108,21.27598,22.11856,16.34145
20.71759,21.26947,22.12507,16.37188
20.71759,21.26947,22.11856,16.37188
20.71759,21.27598,22.12507,16.37188
20.71108,21.27598,22.11856,16.37188
20.71759,21.27273,22.12182,16.34145
20.70131,21.26622,22.12182,16.32623
20.71759,21.26947,22.12507,16.34145
20.71759,21.26622,22.13158,16.37188
20.71434,21.26947,22.12507,16.38709
20.71759,21.27598,22.12182,16.37188
20.71434,21.27273,22.12182,16.34145
20.71759,21.27924,22.12507,16.38709
20.71759,21.27598,22.11856,16.35666
20.71434,21.26947,22.11856,16.35666
20.71108,21.26622,22.11856,16.38709
20.71759,21.27273,22.12507,16.37188
20.71434,21.26947,22.12182,16.40231
20.71759,21.27273,22.11856,16.35666
20.72085,21.27598,22.1153,16.38709
20.71759,21.26296,22.11856,16.37188
20.71434,21.26947,22.12507,16.32623
20.71108,21.26947,22.11856,16.34145
20.71759,21.26947,22.12182,16.34145
20.71759,21.27273,22.12182,16.38709
20.71108,21.27598,22.11856,16.37188
20.72085,21.26622,22.11856,16.34145
20.71759,21.27598,22.11856,16.31102
20.71759,21.26947,22.11856,16.34145
20.71759,21.26947,22.11856,16.34145
20.72411,21.27598,22.11205,16.32623
20.71759,21.27598,22.12182,16.34145
20.71759,21.27924,22.12507,16.35666
20.71759,21.27924,22.12507,16.32623
20.71759,21.27273,22.11856,16.35666
20.71434,21.27273,22.11856,16.34145
20.71759,21.26947,22.12182,16.32623
20.72085,21.27598,22.12182,16.32623
20.71759,21.27598,22.12182,16.34145
20.72085,21.27273,22.1153,16.34145
20.71434,21.26947,22.12507,16.34145
20.71434,21.27598,22.11856,16.34145
20.72085,21.27273,22.12182,16.32623
20.72085,21.24994,22.11205,16.34145
20.71108,21.24343,22.12507,16.34145
20.71108,21.24994,22.12182,16.34145
20.71108,21.24994,22.11856,16.35666
20.71108,21.2532,22.12182,16.34145
20.70783,21.24994,22.11856,16.34145
20.70457,21.24994,22.12182,16.37188
20.70457,21.24994,22.10879,16.35666
20.70457,21.24994,22.09251,16.32623
20.70783,21.24994,22.10228,16.34145
20.71434,21.2532,22.09902,16.32623
20.71434,21.25971,22.09902,16.35666
20.70457,21.24018,22.09902,16.34145
20.70457,21.24994,22.09902,16.34145
20.70457,21.2532,22.10228,16.34145
20.70457,21.24994,22.09902,16.37188
20.70457,21.24994,22.09902,16.34145
20.70783,21.2532,22.10228,16.38709
20.70457,21.2532,22.09251,16.38709
20.71108,21.24994,22.09902,16.34145
20.70783,21.24994,22.09902,16.35666
20.70457,21.24994,22.10554,16.38709
20.70457,21.24994,22.10554,16.37188
20.70457,21.24994,22.09902,16.40231
20.70783,21.25645,22.09902,16.38709
20.70457,21.25645,22.09902,16.37188
20.6948,21.24994,22.10228,16.35666
20.70783,21.24994,22.10554,16.37188
20.70457,21.24994,22.09902,16.37188
20.70457,21.2532,22.09902,16.37188
20.70457,21.25645,22.09902,16.40231
20.70457,21.24343,22.09577,16.37188
20.70783,21.24994,22.09577,16.37188
20.70457,21.25645,22.09902,16.37188
20.70783,21.24994,22.09902,16.37188
20.70457,21.24669,22.09577,16.34145
20.70131,21.24994,22.09902,16.38709
20.71108,21.24994,22.09902,16.34145
20.70131,21.24994,22.09902,16.37188
20.70457,21.24994,22.09902,16.40231
20.70457,21.24994,22.09902,16.37188
20.69806,21.24669,22.09902,16.35666
20.70457,21.24669,22.10554,16.37188
20.70457,21.24994,22.09577,16.34145
20.70457,21.24994,22.09902,16.37188
20.70457,21.24994,22.10228,16.40231
20.69806,21.24994,22.09902,16.35666
20.71108,21.24994,22.10554,16.37188
20.71108,21.24994,22.09577,16.35666
20.70457,21.24669,22.10228,16.37188
20.71108,21.25645,22.09251,16.35666
20.68503,21.24669,22.09902,16.34145
20.68503,21.24994,22.09902,16.38709
20.68503,21.24994,22.09902,16.38709
20.68503,21.24994,22.09902,16.37188
20.68503,21.2532,22.09902,16.37188
20.67852,21.24994,22.10554,16.34145
20.67852,21.24343,22.09251,16.37188
20.67852,21.24343,22.09902,16.37188
20.68177,21.24018,22.09251,16.32623
20.68503,21.24343,22.09577,16.34145
20.68503,21.24018,22.09902,16.37188
20.67852,21.24343,22.09577,16.37188
20.68503,21.24018,22.09902,16.37188
20.67852,21.23692,22.09251,16.34145
20.68503,21.24018,22.09902,16.37188
20.68177,21.23692,22.10228,16.31102
20.67852,21.24018,22.09902,16.35666
20.67852,21.23692,22.10228,16.37188
20.67852,21.24343,22.09902,16.37188
20.68503,21.24669,22.09902,16.34145
20.68503,21.24669,22.09251,16.32623
20.68177,21.23692,22.086,16.32623
20.68177,21.24343,22.086,16.35666
20.68829,21.24669,22.086,16.37188
20.68503,21.24343,22.08926,16.37188
20.67852,21.24018,22.086,16.34145
20.68503,21.23692,22.086,16.35666
20.67852,21.24343,22.086,16.37188
20.68503,21.24018,22.086,16.34145
20.68503,21.24018,22.086,16.37188
20.68503,21.24669,22.086,16.34145
20.69154,21.24669,22.086,16.37188
20.68503,21.24343,22.086,16.37188
20.67852,21.23692,22.086,16.32623
20.67852,21.23366,22.09251,16.34145
20.68177,21.24343,22.086,16.35666
20.68829,21.24669,22.086,16.37188
20.68503,21.24343,22.086,16.40231
20.68503,21.24018,22.086,16.40231
20.68177,21.23692,22.086,16.35666
20.68503,21.24343,22.086,16.37188
20.67852,21.23692,22.086,16.32623
20.68503,21.23692,22.086,16.35666
20.68503,21.24018,22.086,16.34145
20.67852,21.23366,22.086,16.34145
20.68503,21.24343,22.086,16.37188
20.67852,21.23692,22.086,16.34145
20.68503,21.23692,22.08274,16.37188
20.68829,21.24343,22.07949,16.38709
20.68503,21.24343,22.086,16.37188
20.68503,21.24343,22.086,16.38709
20.68177,21.24669,22.086,16.34145
20.68503,21.24343,22.086,16.37188
20.68503,21.23692,22.086,16.37188
20.68177,21.24018,22.086,16.37188
20.67852,21.24669,22.086,16.37188
20.67852,21.24343,22.08274,16.34145
20.68503,21.24018,22.086,16.34145
20.67852,21.23692,22.086,16.37188
20.68503,21.24018,22.086,16.35666
20.68503,21.23692,22.086,16.34145
20.67852,21.23692,22.086,16.35666
20.68503,21.24018,22.08274,16.35666
20.68503,21.23692,22.08926,16.37188
20.68503,21.23366,22.08274,16.34145
20.67852,21.24343,22.086,16.35666
20.67852,21.24343,22.086,16.34145
20.68503,21.24343,22.086,16.34145
20.68503,21.24669,22.07949,16.31102
20.68177,21.24343,22.08274,16.34145
20.68503,21.24018,22.086,16.38709
20.67852,21.23692,22.086,16.37188
20.68177,21.23366,22.086,16.37188
20.67852,21.24343,22.07949,16.35666
20.67852,21.24018,22.07949,16.37188
20.68503,21.24343,22.086,16.37188
20.67852,21.23692,22.086,16.32623
20.68503,21.24018,22.086,16.34145
20.67852,21.24018,22.086,16.35666
20.67852,21.24018,22.08926,16.37188
20.66549,21.23692,22.086,16.34145
20.66549,21.24018,22.08926,16.37188
20.66549,21.24343,22.09577,16.34145
20.66549,21.2239,22.086,16.37188
20.66223,21.2239,22.086,16.34145
20.66549,21.21739,22.086,16.40231
20.672,21.21739,22.086,16.40231
20.66549,21.2239,22.086,16.37188
20.66549,21.21739,22.086,16.35666
20.66549,21.2239,22.09577,16.37188
20.66223,21.21739,22.07949,16.38709
20.65898,21.22064,22.086,16.37188
20.66875,21.2239,22.086,16.40231
20.66549,21.2239,22.086,16.37188
20.66549,21.2239,22.086,16.35666
20.66549,21.2239,22.08274,16.38709
20.66223,21.2239,22.086,16.35666
20.66875,21.22715,22.08274,16.34145
20.672,21.2239,22.08274,16.40231
20.66549,21.22064,22.06972,16.37188
20.66223,21.2239,22.06646,16.37188
20.66549,21.2239,22.05995,16.35666
20.65898,21.21739,22.05995,16.35666
20.66549,21.21739,22.06646,16.35666
20.66223,21.21739,22.06646,16.37188
20.65898,21.22064,22.06972,16.37188
20.66223,21.2239,22.07298,16.40231
20.65572,21.21739,22.06321,16.43274
20.65898,21.22064,22.05995,16.38709
20.65246,21.21739,22.06972,16.38709
20.65246,21.22715,22.06646,16.38709
20.65898,21.23041,22.06321,16.37188
20.65898,21.2239,22.06321,16.38709
20.66223,21.2239,22.05995,16.40231
20.65898,21.21739,22.06321,16.41753
20.66549,21.21739,22.06646,16.40231
20.66549,21.2239,22.06646,16.37188
20.66223,21.21739,22.05995,16.37188
20.66549,21.22715,22.06646,16.38709
20.66549,21.22064,22.06646,16.40231
20.65898,21.21739,22.06321,16.38709
20.65898,21.22064,22.05995,16.40231
20.65898,21.21739,22.06646,16.40231
20.65572,21.21739,22.06646,16.37188
20.66549,21.21739,22.06646,16.38709
20.66549,21.22064,22.07298,16.37188
20.66549,21.2239,22.06646,16.37188
20.66549,21.21739,22.06646,16.38709
20.65898,21.22064,22.06646,16.37188
20.65898,21.22064,22.06646,16.40231
20.65898,21.22715,22.06321,16.37188
20.65898,21.21739,22.06646,16.37188
20.66223,21.2239,22.05995,16.38709
20.66223,21.22064,22.06646,16.37188
20.65898,21.21739,22.07298,16.37188
20.66549,21.2239,22.06321,16.37188
20.65898,21.23366,22.06646,16.35666
20.65572,21.23041,22.06646,16.37188
20.65898,21.2239,22.06646,16.38709
20.66549,21.21739,22.06646,16.37188
20.65898,21.20762,22.05995,16.37188
20.65898,21.21088,22.06321,16.37188
20.65246,21.21088,22.06646,16.34145
20.65898,21.21088,22.06646,16.38709
20.66223,21.21739,22.06646,16.34145
20.65898,21.22064,22.05995,16.35666
20.65572,21.21088,22.05995,16.34145
20.65898,21.20762,22.06646,16.37188
20.65898,21.21088,22.06646,16.34145
20.65898,21.20762,22.06646,16.40231
20.66223,21.21413,22.06646,16.34145
20.66549,21.21088,22.06646,16.37188
20.66549,21.21088,22.06646,16.38709
20.66223,21.21088,22.06646,16.37188
20.65898,21.21088,22.06646,16.34145
20.65898,21.21413,22.06646,16.37188
20.65898,21.21413,22.06321,16.37188
20.66223,21.21088,22.06646,16.37188
20.66549,21.20437,22.06646,16.38709
20.65898,21.21088,22.06646,16.37188
20.66223,21.20762,22.06646,16.37188
20.65572,21.21413,22.06646,16.37188
20.63944,21.21088,22.06646,16.37188
20.64269,21.21088,22.06321,16.37188
20.63944,21.21739,22.05995,16.38709
20.64595,21.21088,22.05995,16.40231
20.64269,21.21088,22.06646,16.37188
20.64269,21.21088,22.06646,16.35666
20.64595,21.21088,22.06972,16.37188
20.64269,21.21088,22.06646,16.37188
20.63944,21.21088,22.06646,16.40231
20.63944,21.21088,22.06646,16.37188
20.63944,21.20762,22.06646,16.35666
20.64595,21.21088,22.06646,16.40231
20.64595,21.21088,22.06646,16.40231
20.63944,21.20437,22.06646,16.37188
20.64595,21.21413,22.05995,16.40231
20.63944,21.21088,22.05995,16.41753
20.63944,21.21413,22.06646,16.41753
20.63944,21.21088,22.06646,16.40231
20.63944,21.20437,22.05995,16.40231
20.64269,21.21088,22.06646,16.41753
20.63944,21.20762,22.06972,16.41753
20.63944,21.21739,22.06646,16.41753
20.63944,21.21088,22.06321,16.40231
20.64269,21.20762,22.06646,16.37188
20.63944,21.20762,22.06646,16.40231
20.63944,21.21088,22.06646,16.40231
20.63944,21.21739,22.06972,16.38709
20.63292,21.21088,22.06646,16.38709
20.63292,21.20762,22.06321,16.37188
20.63944,21.21088,22.05995,16.38709
20.63944,21.21413,22.06646,16.37188
20.64595,21.21413,22.06321,16.37188
20.63944,21.21739,22.06321,16.34145
20.63944,21.20437,22.06321,16.35666
20.64269,21.21739,22.05995,16.37188
20.64595,21.21088,22.05995,16.35666
20.64595,21.21088,22.06321,16.35666
20.63944,21.21088,22.06646,16.35666
20.64269,21.20437,22.06972,16.35666
20.63944,21.21088,22.06972,16.35666
20.63618,21.20762,22.06972,16.34145
20.63944,21.20762,22.05995,16.37188
20.63944,21.21088,22.06646,16.37188
20.63618,21.21413,22.06646,16.37188
20.63944,21.21739,22.06646,16.37188
20.63618,21.21413,22.06646,16.37188
20.63944,21.20437,22.05995,16.37188
20.63292,21.21088,22.06646,16.37188
20.64269,21.21088,22.05995,16.37188
20.63944,21.21088,22.04041,16.34145
20.63944,21.21088,22.04367,16.34145
20.63944,21.20437,22.03716,16.34145
20.63944,21.21413,22.04041,16.34145
20.63944,21.21088,22.03716,16.34145
20.63944,21.21088,22.04693,16.35666
20.63944,21.21088,22.04693,16.37188
20.63944,21.21739,22.04041,16.35666
20.64595,21.21088,22.04367,16.34145
20.63944,21.21413,22.03716,16.35666
20.64595,21.21088,22.04693,16.34145
20.64595,21.21413,22.04367,16.37188
20.64269,21.21413,22.03716,16.34145
20.64595,21.21088,22.04693,16.37188
20.63292,21.21088,22.05995,16.34145
20.61664,21.21088,22.05344,16.34145
20.61664,21.21739,22.05344,16.37188
20.61664,21.21739,22.05344,16.34145
20.61338,21.21088,22.05995,16.35666
20.61664,21.21739,22.05344,16.35666
20.62315,21.21088,22.05995,16.34145
20.6199,21.21088,22.05344,16.37188
20.6199,21.21739,22.05344,16.37188
20.61338,21.20437,22.05344,16.34145
20.61338,21.21739,22.05995,16.35666
20.62315,21.1946,22.05344,16.34145
20.6199,21.18483,22.05344,16.37188
20.61338,21.18809,22.05344,16.37188
20.6199,21.18483,22.05995,16.37188
20.6199,21.18158,22.05018,16.32623
20.6199,21.18158,22.05344,16.37188
20.62315,21.18483,22.05995,16.34145
20.6199,21.18158,22.05344,16.34145
20.6199,21.18483,22.05344,16.32623
20.61338,21.18809,22.04693,16.34145
20.61338,21.18483,22.05995,16.35666
20.61664,21.19134,22.0567,16.31102
20.61338,21.18158,22.05018,16.34145
20.61338,21.18483,22.05344,16.34145
20.60687,21.18483,22.05344,16.35666
20.61338,21.18809,22.0567,16.34145
20.61338,21.19134,22.0567,16.31102
20.61664,21.18483,22.05344,16.34145
20.61338,21.18483,22.05344,16.34145
20.61338,21.18809,22.05344,16.37188
20.61338,21.18483,22.05995,16.34145
20.61013,21.18158,22.05344,16.34145
20.61338,21.18483,22.05995,16.31102
20.61338,21.18483,22.05995,16.31102
20.6199,21.18158,22.05344,16.32623
20.61338,21.19134,22.0567,16.31102
20.61664,21.19134,22.05344,16.35666
20.61338,21.18483,22.05344,16.37188
20.6199,21.18809,22.05344,16.32623
20.61664,21.18483,22.05344,16.35666
20.6199,21.18483,22.0567,16.32623
20.61338,21.18483,22.05995,16.31102
20.61338,21.18483,22.05995,16.34145
20.6199,21.18483,22.05344,16.31102
20.61664,21.19786,22.05344,16.34145
20.61338,21.17832,22.05344,16.35666
20.61338,21.18158,22.05995,16.32623
20.6199,21.18158,22.0567,16.34145
20.6199,21.18809,22.05344,16.34145
20.6199,21.18158,22.0567,16.31102
20.61664,21.18809,22.05995,16.35666
20.61664,21.18483,22.05344,16.31102
20.6199,21.18483,22.05344,16.37188
20.61664,21.18483,22.0567,16.37188
20.61338,21.18809,22.05344,16.34145
20.62315,21.18809,22.0567,16.34145
20.6199,21.18809,22.05995,16.34145
20.61338,21.19134,22.0567,16.34145
20.61664,21.18483,22.0567,16.34145
20.62641,21.18809,22.05344,16.34145
20.61338,21.18483,22.05995,16.34145
20.61338,21.17832,22.0567,16.34145
20.61338,21.18809,22.05995,16.34145
20.61338,21.18809,22.05344,16.37188
20.6199,21.18158,22.05344,16.34145
20.6199,21.18483,22.05995,16.34145
20.62315,21.19134,22.05344,16.32623
20.62315,21.19134,22.0567,16.37188
20.61664,21.18483,22.05995,16.37188
20.62315,21.18483,22.05344,16.35666
20.6199,21.18158,22.05995,16.37188
20.62641,21.18483,22.05344,16.31102
20.62315,21.18809,22.05344,16.37188
20.6199,21.17832,22.05344,16.34145
20.6199,21.18809,22.05995,16.35666
20.6199,21.18158,22.0567,16.37188
20.61338,21.18483,22.05344,16.37188
20.61338,21.18483,22.05995,16.34145
20.61338,21.18483,22.0567,16.34145
20.61664,21.19134,22.05995,16.31102
20.6199,21.18483,22.05344,16.35666
20.61664,21.19134,22.05344,16.35666
20.61338,21.18483,22.0339,16.32623
20.61338,21.18809,22.03716,16.34145
20.6199,21.18809,22.0339,16.37188
20.61338,21.19134,22.0339,16.38709
20.6199,21.18483,22.0339,16.37188
20.62315,21.18483,22.04041,16.37188
20.61338,21.19134,22.04041,16.38709
20.6199,21.17832,22.0339,16.38709
20.6199,21.18483,22.0339,16.40231
20.61338,21.18809,22.03716,16.37188
20.61338,21.18483,22.0339,16.37188
20.6199,21.1653,22.03716,16.37188
20.61664,21.17181,22.03716,16.34145
20.62641,21.1653,22.0339,16.31102
20.61664,21.1653,22.0339,16.34145
20.61664,21.15879,22.04041,16.37188
20.6199,21.16205,22.03716,16.34145
20.6199,21.15879,22.04041,16.37188
20.61338,21.16856,22.0339,16.35666
20.61664,21.1653,22.0339,16.35666
20.6199,21.1653,22.02739,16.37188
20.6199,21.17181,22.0339,16.34145
20.61664,21.1653,22.0339,16.35666
20.61013,21.17181,22.0339,16.40231
20.6199,21.16856,22.0339,16.38709
20.62315,21.16856,22.0339,16.34145
20.61664,21.17181,22.03716,16.40231
20.60036,21.17181,22.03716,16.37188
20.59385,21.1653,22.0339,16.37188
20.5971,21.17181,22.0339,16.37188
20.60036,21.16856,22.0339,16.40231
20.60036,21.16856,22.0339,16.40231
20.59385,21.17181,22.0339,16.37188
20.60036,21.1653,22.0339,16.38709
20.60036,21.16856,22.0339,16.43274
20.60036,21.16856,22.0339,16.37188
20.5971,21.1653,22.0339,16.37188
20.59385,21.1653,22.02739,16.37188
20.5971,21.16856,22.0339,16.40231
20.59385,21.15879,22.02739,16.37188
20.59385,21.17181,22.03065,16.37188
20.5971,21.17181,22.0339,16.38709
20.59385,21.1653,22.03716,16.38709
20.59385,21.15879,22.0339,16.38709
20.5971,21.1653,22.0339,16.43274
20.60036,21.16856,22.03716,16.40231
20.60036,21.1653,22.0339,16.41753
20.59059,21.1653,22.0339,16.41753
20.5971,21.15879,22.0339,16.40231
20.59385,21.1653,22.0339,16.46317
20.5971,21.1653,22.02739,16.46317
20.59385,21.1653,22.03716,16.46317
20.60036,21.1653,22.0339,16.43274
20.60036,21.1653,22.03716,16.43274
20.5971,21.17181,22.03065,16.43274
20.5971,21.16856,22.03716,16.41753
20.5971,21.16856,22.0339,16.41753
20.59385,21.1653,22.03716,16.40231
20.59385,21.1653,22.04041,16.43274
20.59385,21.15879,22.0339,16.44796
20.60036,21.16856,22.0339,16.43274
20.59385,21.1653,22.03065,16.43274
20.5971,21.1653,22.0339,16.46317
20.5971,21.1653,22.0339,16.43274
20.59385,21.1653,22.0339,16.43274
20.59385,21.1653,22.04041,16.43274
20.59385,21.16856,22.0339,16.40231
20.60036,21.17181,22.0339,16.44796
20.60036,21.16856,22.0339,16.43274
20.59385,21.15879,22.0339,16.43274
20.5971,21.1653,22.03716,16.44796
20.59385,21.1653,22.03716,16.46317
20.60036,21.16856,22.03716,16.43274
20.60036,21.1653,22.0339,16.43274
20.59385,21.16205,22.0339,16.43274
20.60036,21.17507,22.03065,16.40231
20.60036,21.17181,22.01437,16.40231
20.60036,21.17181,22.00785,16.41753
20.60036,21.17507,22.00785,16.43274
20.59385,21.1653,22.00785,16.40231
20.59385,21.17181,22.00785,16.40231
20.60036,21.16856,22.01111,16.40231
20.59385,21.17181,22.0046,16.38709
20.59385,21.16856,22.00785,16.38709
20.59385,21.15228,22.00785,16.40231
20.60036,21.14903,22.00785,16.40231
20.60036,21.15228,22.01111,16.40231
20.59385,21.15228,22.00785,16.40231
20.59385,21.14577,22.0046,16.43274
20.59385,21.15554,22.00785,16.43274
20.60036,21.14577,22.00785,16.41753
20.60036,21.14577,22.01111,16.44796
20.59385,21.15879,22.01437,16.40231
20.59385,21.13926,22.00785,16.38709
20.58733,21.15228,22.01437,16.40231
20.58733,21.14577,22.00785,16.40231
20.58733,21.14577,22.01437,16.40231
20.58733,21.14577,22.01111,16.41753
20.58082,21.14577,22.00785,16.40231
20.58407,21.15554,22.01111,16.41753
20.58733,21.13926,22.00785,16.43274
20.58733,21.14577,22.01111,16.43274
20.58082,21.14577,22.00785,16.46317
20.58733,21.14577,22.00785,16.47839
20.58407,21.15228,22.00134,16.44796
20.58733,21.14577,22.00785,16.46317
20.58733,21.14903,22.01111,16.46317
20.58082,21.14903,22.00785,16.46317
20.58733,21.13926,22.00785,16.46317
20.58733,21.15228,22.00785,16.44796
20.58733,21.14903,22.00785,16.46317
20.58733,21.14903,22.00785,16.47839
20.58733,21.14577,22.00785,16.47839
20.59385,21.14903,22.01437,16.44796
20.58407,21.14577,22.01437,16.4936
20.58407,21.14577,22.00785,16.46317
20.58733,21.14577,22.00785,16.50882
20.58733,21.14577,22.00785,16.4936
20.58733,21.15228,22.00785,16.47839
20.58733,21.14251,22.01111,16.46317
20.58733,21.15228,22.00785,16.4936
20.58733,21.15228,22.01437,16.47839
20.58733,21.15228,22.01111,16.47839
20.58733,21.15879,22.01437,16.46317
20.59059,21.15228,22.01111,16.4936
20.58733,21.15228,22.00785,16.46317
20.58082,21.15228,22.01111,16.46317
20.58082,21.14577,22.01437,16.46317
20.58082,21.14577,22.01437,16.4936
20.58733,21.14577,22.00785,16.43274
20.58082,21.15228,22.01437,16.47839
20.58733,21.14577,22.00785,16.46317
20.58082,21.14903,22.00785,16.47839
20.58082,21.14577,22.01437,16.46317
20.58082,21.14251,22.00785,16.43274
20.58733,21.11973,22.00785,16.43274
20.58733,21.12949,22.00785,16.4936
20.58733,21.11973,22.01111,16.47839
20.58733,21.12298,22.00785,16.52403
20.58733,21.12624,22.01111,16.4936
20.58082,21.12624,22.01437,16.47839
20.58082,21.12624,22.00785,16.4936
20.58082,21.12298,22.00785,16.55447
20.58733,21.11973,22.01111,16.50882
20.58407,21.11973,22.00785,16.50882
20.56779,21.12298,22.01437,16.52403
20.56779,21.11973,22.00785,16.4936
20.56453,21.12298,22.01111,16.4936
20.56779,21.12624,22.01111,16.4936
20.56779,21.12949,22.01437,16.4936
20.56453,21.11973,22.01437,16.50882
20.5743,21.12624,22.00785,16.52403
20.56128,21.12624,22.00785,16.50882
20.56128,21.12298,22.00785,16.52403
20.57105,21.11973,22.0046,16.4936
20.5743,21.11973,22.00785,16.50882
20.57105,21.11973,22.00785,16.50882
20.56779,21.10996,22.01111,16.50882
20.56779,21.12624,22.01437,16.50882
20.56779,21.11973,22.0046,16.50882
20.56779,21.12949,22.00785,16.50882
20.56128,21.11973,22.01437,16.4936
20.56779,21.12298,22.00785,16.4936
20.56453,21.11973,22.01437,16.4936
20.56779,21.12624,22.01437,16.46317
20.5743,21.11973,22.01437,16.52403
20.56779,21.12298,22.01111,16.52403
20.56779,21.13926,22.00785,16.50882
20.57105,21.11973,22.00785,16.4936
20.56779,21.11973,22.01111,16.50882
20.56128,21.12298,22.01437,16.4936
20.5743,21.12624,22.00785,16.47839
20.56779,21.12624,22.00785,16.50882
20.56779,21.12298,22.01437,16.47839
20.57105,21.11973,22.01437,16.4936
20.56779,21.12298,22.00785,16.4936
20.5743,21.12298,22.01437,16.4936
20.5743,21.12298,22.02088,16.4936
20.5743,21.11973,22.01111,16.46317
20.5743,21.11973,22.00785,16.43274
20.56779,21.12624,22.00785,16.46317
20.5743,21.11973,22.00785,16.43274
20.56128,21.11647,22.01437,16.46317
20.57105,21.12624,22.01437,16.44796
20.56779,21.12624,22.01437,16.46317
20.5743,21.12624,22.01437,16.44796
20.56779,21.11973,22.01437,16.50882
20.5743,21.11973,22.01437,16.46317
20.5743,21.12624,22.01437,16.46317
20.56453,21.11973,22.00785,16.4936
20.56779,21.12298,22.01437,16.46317
20.57105,21.12298,22.01437,16.43274
20.56128,21.11973,22.00785,16.47839
20.56453,21.12624,22.01111,16.46317
20.56779,21.12949,22.01437,16.4936
20.57105,21.12624,22.01111,16.44796
20.56779,21.12298,22.01111,16.46317
20.56779,21.11973,22.01437,16.46317
20.5743,21.12298,22.01437,16.46317
20.56779,21.12624,22.00785,16.46317
20.56779,21.12624,22.01111,16.46317
20.56453,21.11973,22.01111,16.4936
20.56779,21.12949,22.00785,16.46317
20.5743,21.12624,22.00785,16.46317
20.57105,21.11973,22.01111,16.47839
20.56453,21.12624,22.02088,16.4936
20.56453,21.12298,22.00785,16.47839
20.56453,21.11973,22.01437,16.46317
20.56453,21.12624,22.01437,16.4936
20.56128,21.11973,22.01762,16.4936
20.56128,21.12298,22.01437,16.47839
20.56453,21.12298,22.01437,16.4936
20.56779,21.12624,22.01762,16.50882
20.5743,21.12298,22.00785,16.47839
20.56779,21.12624,22.01437,16.4936
20.56779,21.12624,22.00785,16.4936
20.56128,21.12298,22.01437,16.46317
20.56453,21.11973,22.01111,16.47839
20.56453,21.11647,22.00785,16.46317
20.56453,21.12298,22.00785,16.47839
20.56779,21.12949,22.00785,16.43274
20.56453,21.12624,22.00785,16.46317
20.56779,21.12298,22.01111,16.46317
20.56779,21.11647,22.00785,16.43274
20.56779,21.11973,22.00785,16.46317
20.56779,21.11973,21.99483,16.47839
20.56779,21.11322,21.98832,16.44796
20.56779,21.10996,21.98832,16.41753
20.57105,21.10671,21.99483,16.46317
20.5743,21.10996,21.98832,16.43274
20.56453,21.10996,21.99483,16.44796
20.57105,21.11322,21.99157,16.43274
20.5743,21.11973,21.99483,16.41753
20.57105,21.10671,21.99483,16.43274
20.56779,21.11322,21.99483,16.43274
20.56779,21.10671,21.99483,16.43274
20.57105,21.10996,21.99483,16.40231
20.56453,21.10996,21.98832,16.43274
20.56128,21.11322,21.98832,16.43274
20.56128,21.10996,21.99483,16.43274
20.56128,21.11322,21.99483,16.43274
20.57105,21.11322,21.99483,16.46317
20.56779,21.11322,21.98832,16.43274
20.56779,21.11322,21.98832,16.44796
20.56779,21.11322,21.98832,16.43274
20.56779,21.11973,21.98832,16.43274
20.54174,21.10996,21.99483,16.43274
20.54825,21.11322,21.99157,16.43274
20.53848,21.11322,21.98832,16.43274
20.54174,21.10996,21.98832,16.46317
20.54825,21.11647,21.98832,16.40231
20.54174,21.11322,21.99483,16.40231
20.54825,21.10996,21.99483,16.40231
20.54174,21.11322,21.99157,16.43274
20.53848,21.11322,21.98832,16.43274
20.54174,21.10996,21.99157,16.40231
20.54174,21.11322,21.98832,16.40231
20.54825,21.11322,21.98832,16.43274
20.54174,21.11322,21.99483,16.43274
20.54174,21.11647,21.98832,16.43274
20.54174,21.10996,21.98832,16.44796
20.545,21.11322,21.98832,16.41753
20.54174,21.11647,21.98832,16.41753
20.54174,21.11647,21.99157,16.43274
20.54825,21.10671,21.99483,16.40231
20.545,21.11322,21.99483,16.40231
20.545,21.11322,21.98832,16.44796
20.53523,21.11647,21.99483,16.43274
20.54825,21.11322,21.98832,16.37188
20.54174,21.11322,21.98832,16.41753
20.54174,21.11322,21.99483,16.41753
20.53848,21.11322,21.98832,16.40231
20.54174,21.10996,21.99483,16.40231
20.53523,21.11322,21.98832,16.41753
20.54825,21.11322,21.98181,16.41753
20.54174,21.10996,21.98832,16.37188
20.545,21.11322,21.98832,16.41753
20.545,21.11322,21.98832,16.40231
20.54174,21.11322,21.98832,16.40231
20.545,21.10671,21.98832,16.40231
20.54174,21.10996,21.99157,16.37188
20.545,21.11647,21.99157,16.37188
20.54174,21.10996,21.99483,16.37188
20.54174,21.11973,21.98832,16.37188
20.54825,21.11322,21.99157,16.34145
20.53523,21.11322,21.98832,16.40231
20.53848,21.11322,21.99157,16.38709
20.53523,21.11322,21.98832,16.40231
20.53523,21.10996,21.98832,16.40231
20.54174,21.10996,21.99157,16.37188
20.54174,21.11322,21.98832,16.37188
20.53523,21.10671,21.99157,16.38709
20.54174,21.11647,21.98832,16.34145
20.54174,21.11647,21.98832,16.37188
20.53848,21.10671,21.99157,16.38709
20.54174,21.11322,21.98832,16.37188
20.545,21.11322,21.98832,16.40231
20.53523,21.11973,21.99157,16.35666
20.54174,21.11647,21.98832,16.34145
20.54174,21.11322,21.99157,16.34145
20.53848,21.11322,21.98832,16.37188
20.54174,21.11973,21.98832,16.34145
20.53848,21.11322,21.99157,16.34145
20.54174,21.10996,21.98832,16.31102
20.53523,21.10996,21.98832,16.34145
20.54825,21.11647,21.98832,16.34145
20.53523,21.11647,21.98506,16.34145
20.54825,21.10996,21.98832,16.34145
20.54825,21.11322,21.99157,16.34145
20.54174,21.11322,21.99157,16.34145
20.545,21.11322,21.98832,16.34145
20.54825,21.11322,21.99483,16.32623
20.54174,21.11973,21.99483,16.32623
20.545,21.10996,21.99157,16.32623
20.54174,21.10996,21.99157,16.34145
20.54174,21.11322,21.98832,16.37188
20.54174,21.11322,21.99483,16.35666
20.54174,21.11647,21.98832,16.34145
20.54174,21.10996,21.98832,16.34145
20.54174,21.11322,21.98832,16.34145
20.54174,21.10996,21.98506,16.34145
20.545,21.11973,21.98832,16.34145
20.53848,21.10996,21.98832,16.32623
20.545,21.10671,21.99483,16.34145
20.54174,21.11322,21.98832,16.34145
20.54825,21.11647,21.99483,16.34145
20.54174,21.10996,21.98832,16.31102
20.54825,21.11322,21.98832,16.35666
20.54825,21.10996,21.99483,16.31102
20.53523,21.10996,21.99483,16.2958
20.54174,21.10671,21.98832,16.34145
20.54174,21.11973,21.98832,16.31102
20.53848,21.11322,21.99483,16.32623
20.545,21.10671,21.99157,16.32623
20.53848,21.11322,21.99483,16.32623
20.54825,21.10996,21.99157,16.31102
20.545,21.11322,21.98506,16.34145
20.54825,21.11322,21.99157,16.34145
20.54174,21.11322,21.99483,16.31102
20.54825,21.11322,21.98832,16.34145
20.545,21.11647,21.98832,16.31102
20.545,21.10671,21.99157,16.34145
20.545,21.09368,21.98832,16.32623
20.54174,21.08717,21.99483,16.34145
20.54825,21.09368,21.99483,16.34145
20.54174,21.09043,21.99157,16.34145
20.54174,21.09368,21.99483,16.34145
20.54174,21.09043,21.98832,16.34145
20.54174,21.09694,21.99483,16.32623
20.545,21.09368,21.98832,16.32623
20.54174,21.09368,21.99483,16.34145
20.54174,21.09043,21.99809,16.32623
20.545,21.09368,21.99157,16.34145
20.54174,21.09368,21.99157,16.32623
20.53523,21.09043,21.98832,16.34145
20.53523,21.10019,21.98832,16.34145
20.54174,21.09368,21.99157,16.34145
20.54174,21.09368,21.98832,16.34145
20.54174,21.09368,21.99483,16.32623
20.54174,21.09368,21.99483,16.34145
20.54174,21.09368,21.99483,16.37188
20.54825,21.10019,21.99483,16.35666
20.54174,21.09368,21.98832,16.34145
20.53523,21.09694,21.98506,16.35666
20.545,21.09368,21.99483,16.31102
20.54174,21.10019,21.99157,16.32623
20.54174,21.09043,21.99157,16.35666
20.54174,21.09368,21.98832,16.34145
20.54825,21.09043,21.99483,16.34145
20.545,21.08392,21.98832,16.37188
20.545,21.09368,21.99483,16.35666
20.54825,21.09043,21.98832,16.32623
20.545,21.09368,21.98832,16.37188
20.545,21.09694,21.99809,16.32623
20.54174,21.09368,21.99483,16.32623
20.54825,21.09368,21.99483,16.34145
20.53523,21.09043,21.98832,16.34145
20.54174,21.09694,21.99157,16.34145
20.54825,21.09368,21.99483,16.34145
20.54174,21.09368,21.99157,16.34145
20.54174,21.09368,21.99809,16.34145
20.54174,21.09368,21.99483,16.34145
20.54825,21.09368,21.99157,16.34145
20.53848,21.08392,21.98832,16.34145
20.54174,21.08717,21.98832,16.34145
20.54174,21.09043,21.98506,16.31102
20.53523,21.09368,21.96878,16.31102
20.54174,21.09368,21.97529,16.34145
20.54825,21.09368,21.97529,16.34145
20.54825,21.08717,21.97529,16.34145
20.54174,21.09368,21.96878,16.34145
20.54825,21.09368,21.96878,16.34145
20.54174,21.09368,21.96878,16.32623
20.545,21.09368,21.97855,16.34145
20.54174,21.09368,21.97204,16.34145
20.54174,21.09368,21.97529,16.35666
20.53848,21.09368,21.97204,16.37188
20.54174,21.09368,21.97204,16.37188
20.53848,21.09368,21.97204,16.37188
20.54174,21.10019,21.96878,16.31102
20.54174,21.09694,21.96878,16.34145
20.545,21.09368,21.97529,16.35666
20.54825,21.09368,21.96878,16.35666
20.54825,21.09368,21.96878,16.34145
20.545,21.08717,21.97529,16.34145
20.545,21.09368,21.97529,16.34145
20.54174,21.09043,21.97204,16.31102
20.54825,21.09368,21.97529,16.34145
20.54825,21.08717,21.97529,16.2958
20.54174,21.09368,21.96878,16.34145
20.54825,21.09368,21.97855,16.34145
20.54174,21.09043,21.97204,16.34145
20.54825,21.09368,21.97204,16.31102
20.54174,21.09368,21.97204,16.34145
20.54174,21.09368,21.97529,16.32623
20.53523,21.08717,21.97204,16.34145
20.54174,21.09368,21.97529,16.34145
20.53523,21.09368,21.96878,16.34145
20.53848,21.09368,21.97529,16.32623
20.54174,21.09368,21.97855,16.34145
20.54825,21.09043,21.97529,16.34145
20.545,21.09368,21.97529,16.37188
20.54825,21.09043,21.96878,16.34145
20.545,21.09368,21.97529,16.37188
20.54174,21.09368,21.97529,16.32623
20.53848,21.09368,21.96878,16.32623
20.54174,21.08392,21.96878,16.34145
20.54174,21.09043,21.96552,16.32623
20.54174,21.09368,21.96878,16.34145
20.54174,21.09368,21.97204,16.31102
20.545,21.09368,21.96878,16.31102
20.54825,21.09694,21.96878,16.34145
20.545,21.09368,21.96878,16.32623
20.54174,21.09368,21.97529,16.32623
20.545,21.09043,21.97204,16.32623
20.54825,21.09694,21.97529,16.31102
20.54174,21.09368,21.96878,16.28059
20.54174,21.09368,21.97529,16.34145
20.54174,21.10019,21.97529,16.31102
20.54174,21.09694,21.96878,16.32623
20.54174,21.09368,21.97529,16.31102
20.53848,21.08717,21.97529,16.31102
20.53848,21.09043,21.97529,16.2958
20.53523,21.08717,21.97204,16.31102
20.53848,21.09368,21.97204,16.31102
20.54174,21.09368,21.96878,16.28059
20.54174,21.09368,21.96878,16.2958
20.545,21.08066,21.96878,16.31102
20.54174,21.08066,21.96878,16.31102
20.53523,21.07415,21.96878,16.2958
20.53523,21.08066,21.96552,16.2958
20.51243,21.08717,21.96878,16.28059
20.51569,21.08392,21.96552,16.31102
20.51569,21.08392,21.97204,16.31102
20.5222,21.08066,21.96878,16.31102
20.51894,21.08066,21.96552,16.28059
20.5222,21.08066,21.97204,16.2958
20.52546,21.07741,21.96878,16.26537
20.52546,21.07741,21.96878,16.2958
20.5222,21.08392,21.97529,16.28059
20.5222,21.0709,21.97529,16.26537
20.51894,21.07741,21.96878,16.31102
20.52546,21.08392,21.96552,16.28059
20.52546,21.08066,21.97204,16.2958
20.52546,21.08066,21.96878,16.28059
20.52871,21.08392,21.97204,16.28059
20.52871,21.08717,21.96878,16.2958
20.51894,21.08066,21.96878,16.28059
20.52546,21.08066,21.97529,16.26537
20.5222,21.08066,21.96878,16.28059
20.52871,21.08392,21.97204,16.28059
20.5222,21.08066,21.96552,16.2958
20.52546,21.08066,21.96878,16.28059
20.52871,21.08392,21.96552,16.31102
20.5222,21.07741,21.96878,16.28059
20.52871,21.08066,21.96878,16.2958
20.52871,21.08717,21.96878,16.28059
20.52546,21.08717,21.96878,16.28059
20.52546,21.08066,21.97529,16.28059
20.52871,21.08066,21.97204,16.28059
20.52546,21.08066,21.97529,16.26537
20.52546,21.08717,21.97204,16.28059
20.5222,21.08392,21.97204,16.2958
20.5222,21.0709,21.96552,16.28059
20.5222,21.08066,21.96878,16.28059
20.5222,21.07741,21.96878,16.2958
20.5222,21.07741,21.96878,16.32623
20.5222,21.08066,21.97529,16.28059
20.52546,21.08717,21.97529,16.28059
20.52871,21.08392,21.97204,16.2958
20.52871,21.08066,21.97204,16.28059
20.5222,21.08717,21.96227,16.31102
20.52871,21.08066,21.97529,16.28059
20.5222,21.08717,21.96878,16.31102
20.52871,21.08717,21.96878,16.28059
20.52871,21.08066,21.97529,16.28059
20.5222,21.08066,21.97529,16.2958
20.5222,21.08392,21.96878,16.28059
20.52871,21.07741,21.96878,16.31102
20.5222,21.08066,21.97204,16.31102
20.52871,21.08066,21.96878,16.31102
20.52871,21.08066,21.96878,16.28059
20.5222,21.08717,21.97529,16.28059
20.51894,21.08717,21.97204,16.28059
20.51894,21.08717,21.97529,16.31102
20.51894,21.08066,21.97529,16.28059
20.5222,21.09043,21.97529,16.31102
20.52871,21.08066,21.96878,16.28059
20.52871,21.08066,21.96878,16.31102
20.5222,21.08066,21.96878,16.28059
20.5222,21.08717,21.97204,16.2958
20.5222,21.08066,21.96878,16.2958
20.51894,21.08717,21.96878,16.34145
20.52871,21.08066,21.97529,16.2958
20.52546,21.08717,21.96878,16.31102
20.52546,21.07415,21.96878,16.32623
20.5222,21.08392,21.97529,16.28059
20.52871,21.08066,21.97855,16.32623
20.52546,21.07415,21.96878,16.32623
20.52871,21.08066,21.97529,16.31102
20.53523,21.08066,21.97529,16.2958
20.52871,21.08066,21.96552,16.31102
20.52871,21.08066,21.96878,16.2958
20.52871,21.08066,21.96878,16.31102
20.52871,21.08066,21.96227,16.31102
20.5222,21.07741,21.96878,16.32623
20.5222,21.08066,21.96878,16.32623
20.5222,21.07741,21.96552,16.34145
20.5222,21.0709,21.97204,16.32623
20.5222,21.05462,21.96878,16.31102
20.52546,21.05462,21.96878,16.35666
20.52871,21.05787,21.97204,16.32623
20.52546,21.05787,21.96878,16.31102
20.51894,21.06764,21.97529,16.31102
20.5222,21.05787,21.97529,16.32623
20.52546,21.05462,21.97204,16.34145
20.52871,21.06439,21.97529,16.35666
20.5222,21.06439,21.96878,16.31102
20.52871,21.06764,21.96878,16.31102
20.52546,21.06439,21.97529,16.31102
20.52871,21.06113,21.97204,16.34145
20.51894,21.06113,21.97204,16.34145
20.50917,21.05787,21.97204,16.32623
20.50917,21.06113,21.96227,16.32623
20.50592,21.06113,21.96227,16.35666
20.50917,21.06764,21.95576,16.31102
20.50266,21.06113,21.96227,16.34145
20.50592,21.05787,21.96227,16.31102
20.50917,21.06113,21.95576,16.32623
20.51569,21.05462,21.95576,16.31102
20.50592,21.06113,21.95576,16.34145
20.50592,21.06439,21.96227,16.31102
20.50917,21.06764,21.96227,16.34145
20.50917,21.06113,21.95576,16.31102
20.50592,21.06764,21.96227,16.34145
20.4994,21.06113,21.95576,16.31102
20.50917,21.06113,21.95901,16.34145
20.50917,21.05787,21.96227,16.35666
20.50266,21.06764,21.95576,16.37188
20.50917,21.06439,21.95576,16.34145
20.50266,21.06439,21.95576,16.32623
20.50266,21.06113,21.96552,16.34145
20.49615,21.06113,21.95576,16.32623
20.50592,21.06439,21.96227,16.34145
20.50917,21.06439,21.95901,16.37188
20.50592,21.06764,21.96227,16.31102
20.4994,21.06439,21.96227,16.32623
20.50917,21.06113,21.96878,16.37188
20.4994,21.06113,21.96227,16.34145
20.50917,21.05462,21.96552,16.34145
20.50917,21.06113,21.96552,16.34145
20.50592,21.05787,21.95576,16.37188
20.50917,21.06113,21.96227,16.34145
20.50917,21.05787,21.95576,16.40231
20.50917,21.06113,21.96227,16.40231
20.50266,21.05462,21.95901,16.34145
20.50592,21.05787,21.95576,16.40231
20.50592,21.06113,21.95576,16.37188
20.50592,21.06113,21.95576,16.35666
20.50917,21.06439,21.95576,16.37188
20.50266,21.06113,21.95576,16.38709
20.50592,21.06113,21.96227,16.38709
20.50266,21.06113,21.96227,16.40231
20.50266,21.06113,21.96227,16.40231
20.50592,21.05462,21.96227,16.37188
20.50917,21.05462,21.95576,16.37188
20.50917,21.05787,21.96227,16.37188
20.50592,21.06764,21.95576,16.34145
20.50592,21.06113,21.95576,16.37188
20.50266,21.06113,21.95901,16.38709
20.50266,21.06113,21.95576,16.37188
20.50592,21.06439,21.95901,16.34145
20.50266,21.06113,21.96227,16.40231
20.4994,21.06113,21.96552,16.37188
20.50266,21.06764,21.95901,16.37188
20.50266,21.05787,21.96552,16.38709
20.51243,21.06113,21.96552,16.37188
20.50917,21.06764,21.96227,16.38709
20.50917,21.05462,21.96227,16.37188
20.50266,21.05462,21.96227,16.38709
20.4994,21.05462,21.95576,16.37188
20.50266,21.06764,21.95901,16.37188
20.50592,21.06113,21.95576,16.37188
20.50917,21.05787,21.95576,16.37188
20.50266,21.05787,21.96227,16.40231
20.50592,21.05787,21.95576,16.35666
20.50266,21.06113,21.96227,16.37188
20.50917,21.06113,21.96878,16.37188
20.50917,21.06113,21.96552,16.35666
20.50266,21.06113,21.96878,16.38709
20.50266,21.05462,21.96227,16.37188
20.50266,21.06113,21.95901,16.40231
20.50917,21.06439,21.96227,16.38709
20.50266,21.05787,21.95576,16.40231
20.48963,21.06113,21.96227,16.34145
20.48312,21.06113,21.96227,16.37188
20.48312,21.06764,21.96227,16.37188
20.48312,21.06764,21.96227,16.34145
20.48312,21.05787,21.96227,16.37188
20.47986,21.06113,21.96552,16.37188
20.48312,21.06113,21.95901,16.37188
20.47986,21.05787,21.96552,16.40231
20.47661,21.05787,21.96227,16.40231
20.47986,21.06113,21.96227,16.37188
20.47661,21.05787,21.96227,16.40231
20.48312,21.06764,21.96227,16.38709
20.48312,21.06439,21.95576,16.40231
20.47986,21.06439,21.96552,16.40231
20.48312,21.06113,21.96552,16.43274
20.48312,21.0416,21.96227,16.44796
20.47986,21.02858,21.96227,16.40231
20.48312,21.03509,21.95901,16.41753
20.47661,21.03509,21.95576,16.40231
20.48312,21.04485,21.96227,16.40231
20.47661,21.02858,21.95576,16.38709
20.48312,21.03509,21.96227,16.40231
20.48312,21.03509,21.95901,16.40231
20.48312,21.03509,21.96227,16.40231
20.48312,21.03509,21.95901,16.43274
20.48963,21.0416,21.95901,16.37188
20.48312,21.03834,21.95576,16.40231
20.48312,21.03509,21.95576,16.40231
20.48638,21.03509,21.95576,16.40231
20.48638,21.0416,21.95576,16.43274
20.49615,21.03834,21.95901,16.40231
20.48638,21.03509,21.95576,16.41753
20.48638,21.03509,21.95901,16.43274
20.49289,21.0416,21.95576,16.41753
20.48963,21.0416,21.95576,16.40231
20.48312,21.0416,21.95901,16.40231
20.48312,21.0416,21.95576,16.41753
20.48312,21.03183,21.95901,16.43274
20.48638,21.03834,21.96227,16.40231
20.48963,21.03509,21.95901,16.43274
20.48312,21.03509,21.96227,16.40231
20.48312,21.03509,21.96878,16.40231
20.48312,21.03509,21.96552,16.41753
20.48312,21.03509,21.96227,16.41753
20.48312,21.02532,21.96227,16.41753
20.47986,21.0416,21.96227,16.43274
20.48312,21.03834,21.96227,16.43274
20.48638,21.0416,21.95576,16.41753
20.48312,21.03509,21.95901,16.46317
20.47661,21.0416,21.96227,16.46317
20.48638,21.04485,21.95901,16.44796
20.48312,21.0416,21.95901,16.43274
20.48638,21.0416,21.96227,16.43274
20.48638,21.03183,21.95901,16.44796
20.48963,21.03509,21.96227,16.44796
20.48638,21.0416,21.96227,16.43274
20.48638,21.04485,21.96227,16.43274
20.48638,21.04811,21.95901,16.43274
20.48638,21.04811,21.95901,16.40231
20.48638,21.04485,21.96227,16.41753
20.48638,21.04485,21.96227,16.43274
20.48312,21.03509,21.96552,16.40231
20.48963,21.03183,21.96878,16.41753
20.48638,21.0416,21.95576,16.43274
20.48963,21.03509,21.96227,16.46317
20.48638,21.03509,21.96227,16.4936
20.48638,21.0416,21.96227,16.46317
20.48312,21.03183,21.96227,16.46317
20.48312,21.03834,21.95901,16.46317
20.47986,21.03509,21.96227,16.43274
20.47661,21.03834,21.96878,16.43274
20.48312,21.03509,21.95901,16.46317
20.48312,21.0416,21.96227,16.47839
20.48312,21.0416,21.96552,16.46317
20.48312,21.02858,21.95901,16.4936
20.47661,21.04485,21.96227,16.4936
20.47986,21.0416,21.95576,16.46317
20.47986,21.03509,21.96227,16.46317
20.47661,21.02858,21.96227,16.46317
20.48312,21.02858,21.96227,16.47839
20.47661,21.03509,21.95576,16.4936
20.47986,21.03834,21.96227,16.47839
20.47661,21.03509,21.96227,16.4936
20.47661,21.03509,21.96227,16.47839
20.48312,21.03509,21.96227,16.4936
20.47661,21.02858,21.96552,16.50882
20.47986,21.03509,21.96552,16.50882
20.47661,21.0416,21.95901,16.4936
20.47661,21.03509,21.93622,16.4936
20.48312,21.03509,21.93296,16.4936
20.47661,21.03509,21.93622,16.47839
20.48312,21.03509,21.93948,16.52403
20.48312,21.03509,21.93622,16.4936
20.48312,21.0416,21.93948,16.52403
20.47661,21.03834,21.93622,16.50882
20.48312,21.03183,21.93948,16.4936
20.47986,21.0416,21.92971,16.4936
20.47986,21.03509,21.93622,16.4936
20.47661,21.03509,21.93622,16.52403
20.48312,21.0416,21.93622,16.50882
20.47661,21.03509,21.93622,16.50882
20.47986,21.03509,21.94273,16.50882
20.47986,21.02858,21.93622,16.4936
20.48312,21.0123,21.93622,16.50882
20.48312,21.02858,21.92971,16.52403
20.48312,21.01881,21.93948,16.4936
20.48312,21.03834,21.93622,16.52403
20.48312,21.01555,21.94273,16.52403
20.48312,21.02858,21.93622,16.50882
20.47986,21.02532,21.93622,16.50882
20.48312,21.03834,21.93622,16.50882
20.47335,21.04485,21.93948,16.50882
20.47661,21.03834,21.93622,16.52403
20.47986,21.0416,21.93948,16.52403
20.47986,21.03834,21.93622,16.4936
20.47661,21.03509,21.93948,16.52403
20.47009,21.03834,21.94273,16.50882
20.47661,21.03509,21.93622,16.53925
20.48312,21.03834,21.93296,16.52403
20.48312,21.0416,21.93622,16.52403
20.47986,21.03509,21.94273,16.52403
20.48312,21.03183,21.93622,16.52403
20.48312,21.01881,21.93622,16.52403
20.48963,21.02207,21.93622,16.50882
20.47661,21.02207,21.93948,16.52403
20.47661,21.01881,21.94273,16.52403
20.48312,21.00579,21.93622,16.55447
20.48312,21.01555,21.94273,16.60011
20.47335,21.01555,21.94273,16.55447
20.47986,21.01881,21.93948,16.52403
20.48312,21.02207,21.93622,16.52403
20.48312,21.01555,21.93296,16.55447
20.47986,21.01555,21.93622,16.53925
20.47986,21.0123,21.93622,16.52403
20.48312,21.01555,21.93622,16.4936
20.47661,21.01555,21.94273,16.50882
20.48312,21.02207,21.94273,16.52403
20.48312,21.00904,21.93948,16.52403
20.47986,21.01555,21.93948,16.4936
20.45381,21.01555,21.93622,16.4936
20.45707,21.01555,21.93622,16.52403
20.46032,21.01881,21.93948,16.4936
20.45707,21.01555,21.93622,16.4936
20.45707,21.02207,21.92971,16.50882
20.45707,21.01555,21.93296,16.52403
20.46032,21.02207,21.93296,16.52403
20.46358,21.02532,21.93622,16.52403
20.46358,21.00253,21.92971,16.52403
20.46032,21.01555,21.93622,16.52403
20.46032,21.02207,21.93622,16.4936
20.46358,21.01555,21.92971,16.55447
20.46358,21.01555,21.92971,16.55447
20.46358,21.01555,21.93622,16.52403
20.46032,21.01881,21.93622,16.50882
20.45707,21.02207,21.93948,16.52403
20.45707,21.01881,21.92971,16.52403
20.47009,21.01555,21.94273,16.52403
20.45707,21.01881,21.93622,16.50882
20.46684,21.01555,21.93296,16.52403
20.46032,21.02207,21.93622,16.55447
20.45707,21.01555,21.92971,16.52403
20.46358,21.01881,21.93948,16.52403
20.45707,21.02207,21.93622,16.50882
20.45707,21.01555,21.93622,16.52403
20.46358,21.02207,21.93948,16.52403
20.46358,21.01555,21.93622,16.53925
20.46358,21.01555,21.93622,16.52403
20.45381,21.02207,21.92971,16.4936
20.45707,21.01555,21.93622,16.52403
20.45707,21.01555,21.93948,16.55447
20.45707,21.02207,21.93622,16.52403
20.45707,21.01555,21.93622,16.52403
20.45707,21.02207,21.94273,16.55447
20.46358,21.01555,21.93622,16.55447
20.46032,21.01555,21.93622,16.55447
20.46684,21.01555,21.94273,16.55447
20.46358,21.02207,21.93622,16.52403
20.46358,21.01555,21.94273,16.53925
20.46684,21.02207,21.94273,16.56968
20.47009,21.01555,21.93622,16.5849
20.46684,21.01881,21.94273,16.5849
20.46358,21.02207,21.94273,16.56968
20.46358,21.01555,21.93296,16.56968
20.46358,21.01555,21.93622,16.53925
20.45707,21.01881,21.93948,16.56968
20.45056,21.01555,21.93948,16.5849
20.45056,21.01881,21.93622,16.60011
20.45056,21.0123,21.93622,16.53925
20.45707,21.02532,21.93948,16.55447
20.45056,21.01555,21.94273,16.56968
20.45056,21.02207,21.94273,16.56968
20.45056,21.02532,21.93948,16.53925
20.45056,21.01555,21.93622,16.56968
20.45056,21.02207,21.93622,16.5849
20.47009,21.01881,21.92645,16.55447
20.46032,21.01555,21.93948,16.52403
20.45381,21.01881,21.93622,16.56968
20.45707,21.02207,21.93622,16.55447
20.45056,21.02207,21.93948,16.56968
20.45707,21.01555,21.94273,16.53925
20.46358,21.01881,21.93622,16.56968
20.46358,21.01555,21.93296,16.55447
20.47009,21.01555,21.94273,16.55447
20.46358,21.02207,21.92971,16.56968
20.47009,21.00904,21.93622,16.55447
20.46358,21.00579,21.92971,16.56968
20.45707,21.01555,21.93622,16.5849
20.46032,21.01555,21.93622,16.55447
20.46358,21.01881,21.93948,16.56968
20.46684,21.01555,21.93622,16.55447
20.45707,21.0123,21.93296,16.56968
20.45707,21.00904,21.91994,16.52403
20.46358,21.01555,21.91017,16.55447
20.45707,21.01555,21.91668,16.55447
20.46358,21.0123,21.91668,16.5849
20.46032,21.01555,21.9232,16.55447
20.45707,21.01555,21.91668,16.53925
20.45056,21.0123,21.91343,16.55447
20.45056,21.02207,21.91017,16.53925
20.45707,21.02207,21.9232,16.55447
20.45707,21.01555,21.9232,16.56968
20.45707,21.01881,21.91994,16.52403
20.45056,21.01555,21.91994,16.53925
20.45707,21.01555,21.91994,16.53925
20.46358,21.01881,21.91668,16.52403
20.47009,21.01881,21.91343,16.55447
20.45707,21.01555,21.91994,16.56968
20.46358,21.02532,21.91668,16.52403
20.46358,21.01881,21.91668,16.55447
20.47009,21.01881,21.91994,16.53925
20.46358,21.01555,21.9232,16.55447
20.46358,21.0123,21.91994,16.53925
20.45707,21.01881,21.91994,16.52403
20.46032,21.00904,21.91668,16.52403
20.45381,21.02207,21.91668,16.53925
20.45707,21.01881,21.91668,16.52403
20.46358,21.01881,21.9232,16.53925
20.45707,21.01555,21.91668,16.53925
20.46032,21.02207,21.9232,16.55447
20.45707,21.01555,21.91668,16.53925
20.46358,21.01555,21.91668,16.55447
20.46358,21.02858,21.91668,16.55447
20.46358,21.02207,21.91668,16.53925
20.45056,21.01881,21.91343,16.55447
20.45381,21.01555,21.91668,16.53925
20.45707,21.01555,21.9232,16.55447
20.45056,21.01555,21.9232,16.52403
20.45707,21.01881,21.9232,16.53925
20.45056,21.01555,21.91668,16.53925
20.45707,21.01555,21.9232,16.55447
20.46358,21.01555,21.9232,16.55447
20.45381,21.02207,21.91668,16.55447
20.45381,21.0123,21.9232,16.55447
20.45707,21.01881,21.91668,16.55447
20.45707,21.02532,21.91994,16.52403
20.45381,21.01881,21.91668,16.5849
20.46358,21.01555,21.91668,16.55447
20.46032,21.01881,21.91343,16.53925
20.45707,21.01881,21.91668,16.52403
20.45381,21.0123,21.91668,16.52403
20.45707,21.02207,21.91668,16.55447
20.46032,21.02207,21.91668,16.55447
20.45056,21.02207,21.91343,16.55447
20.45707,21.01881,21.91668,16.55447
20.45707,21.01555,21.91994,16.50882
20.45707,21.01555,21.91668,16.52403
20.45707,21.0123,21.91017,16.53925
20.45707,21.02207,21.91017,16.52403
20.45707,21.01555,21.91668,16.55447
20.45381,21.01555,21.91668,16.53925
20.45056,21.01555,21.91668,16.53925
20.45707,21.02207,21.91017,16.55447
20.45381,21.01555,21.91668,16.55447
20.45381,21.01555,21.91668,16.55447
20.45056,21.0123,21.9232,16.55447
20.45707,21.01881,21.91668,16.50882
20.45707,21.01881,21.91668,16.55447
20.45707,21.02207,21.91668,16.52403
20.45381,21.01881,21.91668,16.53925
20.45381,21.02207,21.91668,16.52403
20.45381,21.01555,21.91668,16.50882
20.45707,21.02207,21.91668,16.52403
20.45707,21.02207,21.91668,16.52403
20.45707,21.01881,21.9232,16.4936
20.45381,21.01555,21.91994,16.50882
20.45381,21.0123,21.91668,16.52403
20.45707,21.01555,21.91343,16.4936
20.45707,21.02207,21.91668,16.52403
20.45707,21.01555,21.91994,16.52403
20.45707,21.01881,21.91668,16.50882
20.45381,21.01555,21.91668,16.50882
20.45707,21.01881,21.91017,16.50882
20.45707,21.02207,21.91343,16.4936
20.46358,21.02207,21.91668,16.4936
20.45707,21.02207,21.91668,16.4936
20.45707,21.02207,21.91017,16.4936
20.45707,21.02207,21.91668,16.4936
20.46032,21.02207,21.91668,16.47839
20.46032,21.01881,21.91668,16.4936
20.46032,21.01555,21.91994,16.4936
20.45381,21.02207,21.91668,16.4936
20.45707,21.01555,21.91017,16.4936
20.45381,21.01555,21.91017,16.46317
20.45707,21.01555,21.91668,16.4936
20.45707,21.02532,21.91668,16.4936
20.45381,21.01555,21.91343,16.46317
20.45056,21.01555,21.91668,16.46317
20.45056,21.02207,21.9232,16.47839
20.45056,21.02207,21.91668,16.4936
20.45707,21.01555,21.91668,16.46317
20.45707,21.02207,21.91668,16.44796
20.45381,21.02207,21.91994,16.44796
20.45707,21.02207,21.91668,16.44796
20.45381,21.02207,21.91668,16.44796
20.45707,21.01881,21.91668,16.44796
20.45381,21.01555,21.9232,16.47839
20.45381,21.01555,21.91668,16.46317
20.45707,21.01555,21.9232,16.47839
20.45056,21.02207,21.91994,16.4936
20.45381,21.01881,21.9232,16.46317
20.45381,21.02532,21.91994,16.4936
20.45707,21.01881,21.91668,16.46317
20.45056,21.01881,21.91343,16.47839
20.45056,21.01881,21.91343,16.47839
20.45381,21.02207,21.91668,16.4936
20.45707,21.02207,21.91668,16.43274
20.45707,21.01881,21.91668,16.43274
20.45707,21.02207,21.91668,16.47839
20.45381,21.01555,21.91668,16.46317
20.46358,21.02207,21.91668,16.44796
20.45381,21.01881,21.91994,16.47839
20.45707,21.01881,21.91668,16.46317
20.46032,21.02207,21.91668,16.46317
20.45707,21.0123,21.91668,16.46317
20.45707,21.01555,21.91668,16.46317
20.45381,21.01555,21.91668,16.43274
20.45707,21.01555,21.91668,16.43274
20.45707,21.01555,21.91668,16.44796
20.45707,21.00904,21.91668,16.46317
20.45707,21.00904,21.91668,16.43274
20.45056,21.01555,21.91668,16.46317
20.45056,21.01555,21.91668,16.44796
20.45707,21.0123,21.91343,16.46317
20.45707,21.01555,21.91668,16.43274
20.45707,21.01555,21.91668,16.43274
20.45707,21.02532,21.91668,16.44796
20.45381,21.02207,21.91668,16.46317
20.45707,21.02207,21.91017,16.44796
20.45381,21.02207,21.91668,16.43274
20.45056,21.01555,21.91668,16.40231
20.45707,21.01881,21.91668,16.43274
20.45381,21.01881,21.91343,16.43274
20.45056,21.02207,21.91668,16.43274
20.45056,21.02207,21.91668,16.43274
20.45707,21.01555,21.91668,16.40231
20.45056,21.02207,21.91994,16.40231
20.45707,21.01555,21.9232,16.41753
20.46032,21.02207,21.91668,16.43274
20.46358,21.01555,21.91668,16.40231
20.45707,21.01555,21.91668,16.43274
20.45056,21.02207,21.9232,16.41753
20.45381,21.02207,21.91668,16.46317
20.45381,21.01881,21.91343,16.40231
20.45707,21.01555,21.91668,16.41753
20.45381,21.02207,21.91668,16.40231
20.45381,21.01881,21.91668,16.40231
20.45707,21.0123,21.91668,16.38709
20.45381,21.02207,21.91343,16.40231
20.46032,21.02532,21.91668,16.40231
20.46358,21.01881,21.91343,16.40231
20.45056,21.02532,21.91994,16.43274
20.45381,21.01555,21.91668,16.38709
20.45056,21.01555,21.9232,16.40231
20.45707,21.01881,21.9232,16.37188
20.45381,21.01555,21.91343,16.41753
20.45707,21.01555,21.91668,16.37188
20.45381,21.02207,21.91343,16.40231
20.45056,21.01881,21.91017,16.41753
20.45381,21.01881,21.91668,16.35666
20.45381,21.01555,21.91668,16.37188
20.45707,21.0123,21.91343,16.38709
20.45707,21.01881,21.91343,16.37188
20.45056,21.01881,21.91994,16.37188
20.45707,21.02532,21.91668,16.35666
20.45056,21.01555,21.91668,16.35666
20.45707,21.01555,21.91668,16.35666
20.45707,21.01881,21.91668,16.35666
20.45707,21.01555,21.91343,16.32623
20.45707,21.0123,21.9232,16.34145
20.45707,21.02207,21.91668,16.34145
20.45707,21.02207,21.91668,16.34145
20.45707,21.02207,21.91668,16.34145
20.45707,21.01881,21.91668,16.35666
20.45707,21.01555,21.91994,16.34145
20.45707,21.0123,21.91668,16.34145
20.45707,21.01881,21.91668,16.34145
20.45707,21.01881,21.91668,16.31102
20.45707,21.01555,21.91668,16.32623
20.45707,21.01555,21.91668,16.34145
20.45381,21.01555,21.91668,16.34145
20.45707,21.01555,21.91668,16.34145
20.46032,21.01881,21.91668,16.31102
20.46032,21.01555,21.91343,16.34145
20.45707,21.01555,21.91668,16.34145
20.45707,21.01555,21.9232,16.34145
20.46032,21.01555,21.91668,16.32623
20.46032,21.01881,21.91668,16.31102
20.45381,21.01555,21.9232,16.34145
20.45707,21.01555,21.91668,16.37188
20.45381,21.01555,21.9232,16.34145
20.46032,21.01555,21.91668,16.32623
20.45707,21.0123,21.91668,16.31102
20.46032,21.01555,21.91017,16.31102
20.46032,21.01555,21.91668,16.31102
20.45707,21.01555,21.91343,16.31102
20.45707,21.02207,21.91668,16.2958
20.45707,21.02207,21.91668,16.31102
20.45056,21.01555,21.91668,16.31102
20.45056,21.01881,21.91668,16.31102
20.45707,21.01555,21.91668,16.31102
20.45381,21.01555,21.91343,16.31102
20.45707,21.02207,21.91668,16.31102
20.45707,21.02207,21.91343,16.34145
20.45707,21.01881,21.91668,16.31102
20.45707,21.01555,21.91668,16.34145
20.46032,21.01555,21.91994,16.32623
20.45707,21.01555,21.9232,16.31102
20.45381,21.01555,21.91668,16.31102
20.45707,21.01555,21.91668,16.31102
20.45381,21.02207,21.91668,16.31102
20.45381,21.02207,21.9232,16.32623
20.45707,21.01555,21.9232,16.31102
20.45381,21.01555,21.91994,16.31102
20.45381,21.02207,21.91994,16.31102
20.46032,21.01881,21.91668,16.31102
20.45707,21.00904,21.91668,16.31102
20.45707,21.02207,21.91994,16.31102
20.45707,21.01555,21.91668,16.34145
20.46032,21.01555,21.91668,16.31102
20.45707,21.0123,21.91994,16.2958
20.45707,21.01555,21.91668,16.34145
20.45056,21.01555,21.91668,16.34145
20.45381,21.01555,21.91668,16.34145
20.45707,21.01555,21.91668,16.32623
20.44404,21.02207,21.91994,16.2958
20.42776,21.0123,21.91668,16.31102
20.43753,21.01881,21.9232,16.34145
20.43753,21.01555,21.91668,16.31102
20.43753,21.01555,21.91668,16.34145
20.43753,21.01555,21.91994,16.31102
20.43753,21.01555,21.91994,16.34145
20.43427,21.0123,21.91994,16.35666
20.43101,21.01555,21.91994,16.34145
20.43101,21.02207,21.91668,16.34145
20.43753,21.01555,21.91668,16.32623
20.43753,21.0123,21.91668,16.35666
20.43753,21.01881,21.91994,16.37188
20.43753,21.01881,21.91668,16.37188
20.43101,21.02207,21.91668,16.34145
20.44404,21.01555,21.91994,16.34145
20.43753,21.02207,21.91668,16.32623
20.43753,21.01555,21.91343,16.34145
20.44079,21.01881,21.91668,16.35666
20.43753,21.02207,21.91668,16.32623
20.43753,21.01555,21.91668,16.34145
20.43753,21.01555,21.91668,16.31102
20.43753,21.02532,21.91343,16.34145
20.43753,21.01881,21.91668,16.32623
20.43753,21.02207,21.91668,16.35666
20.43427,21.01881,21.9232,16.34145
20.43753,21.02207,21.91343,16.37188
20.44404,21.01881,21.91994,16.32623
20.43101,21.02207,21.91017,16.34145
20.43753,21.01881,21.91668,16.32623
20.44404,21.02207,21.91668,16.31102
20.44079,21.01555,21.91668,16.31102
20.43427,21.00904,21.91668,16.35666
20.43101,21.01881,21.91668,16.34145
20.43101,21.01555,21.91668,16.34145
20.43427,21.01555,21.91668,16.34145
20.44079,21.00253,21.90366,16.32623
20.43753,21.00579,21.91017,16.34145
20.43753,20.99602,21.90366,16.32623
20.43753,20.99602,21.90692,16.31102
20.43427,20.99928,21.90366,16.32623
20.44404,20.99602,21.91017,16.34145
20.43753,21.00253,21.90366,16.32623
20.43101,20.99928,21.90366,16.31102
20.43753,20.99928,21.91017,16.31102
20.43427,21.00253,21.91017,16.32623
20.43753,21.00253,21.90692,16.31102
20.44079,21.00253,21.90366,16.32623
20.44079,21.00253,21.90366,16.34145
20.43753,20.99928,21.89715,16.34145
20.44404,20.99928,21.91017,16.31102
20.43427,21.00253,21.91017,16.34145
20.43101,20.99602,21.9004,16.34145
20.43101,20.99928,21.90366,16.34145
20.43101,20.99602,21.91017,16.34145
20.43101,21.00253,21.91017,16.35666
20.43101,21.00253,21.90366,16.34145
20.43753,20.99277,21.9004,16.31102
20.43427,20.99928,21.91017,16.31102
20.44079,21.00253,21.91343,16.32623
20.44079,21.00579,21.90366,16.34145
20.44079,21.00904,21.90366,16.35666
20.44404,20.99928,21.90692,16.34145
20.43753,21.00253,21.90366,16.35666
20.43427,20.99602,21.90366,16.35666
20.44079,21.00253,21.91017,16.37188
20.44079,20.99602,21.90366,16.35666
20.44079,21.00253,21.90366,16.37188
20.44079,21.00579,21.90692,16.37188
20.44079,21.00579,21.91017,16.37188
20.43427,21.00253,21.91343,16.34145
20.43427,20.99602,21.90366,16.38709
20.43753,21.00253,21.90366,16.35666
20.43753,21.00253,21.90366,16.38709
20.43427,20.99602,21.91017,16.38709
20.43753,20.99928,21.90366,16.38709
20.43101,21.00253,21.90366,16.37188
20.43101,20.99277,21.90366,16.37188
20.43427,20.99602,21.91017,16.40231
20.43753,21.00253,21.91017,16.37188
20.43753,21.00253,21.90692,16.38709
20.44404,21.00253,21.91017,16.38709
20.44079,20.99602,21.90366,16.40231
20.43753,20.99928,21.90366,16.37188
20.43753,20.99928,21.90366,16.38709
20.44079,20.99928,21.90366,16.38709
20.43427,21.00253,21.90366,16.35666
20.43427,21.00253,21.90366,16.37188
20.43753,20.99928,21.90366,16.35666
20.43753,21.00253,21.91017,16.38709
20.44079,20.99928,21.90366,16.37188
20.44079,20.99602,21.90366,16.38709
20.43753,20.99928,21.90366,16.40231
20.43427,21.00253,21.90366,16.38709
20.43427,20.99602,21.90692,16.37188
20.43101,20.99602,21.91017,16.37188
20.43427,20.99602,21.91017,16.37188
20.43753,20.99602,21.90692,16.37188
20.43753,21.00253,21.91017,16.37188
20.44079,21.00253,21.91017,16.37188
20.44079,20.99928,21.90366,16.40231
20.43427,21.00579,21.91017,16.40231
20.43753,20.99928,21.90366,16.40231
20.44404,21.00253,21.91017,16.37188
20.43101,20.98951,21.90692,16.40231
20.43101,20.99602,21.90366,16.37188
20.44404,20.99602,21.91017,16.37188
20.44404,20.99602,21.90366,16.40231
20.44404,20.99602,21.90366,16.37188
20.43753,20.99602,21.90692,16.40231
20.43753,20.99928,21.90366,16.41753
20.43101,21.00579,21.90366,16.38709
20.43427,21.00253,21.91668,16.38709
20.43101,20.99602,21.91017,16.38709
20.44404,21.00253,21.90366,16.37188
20.43753,21.00253,21.90366,16.35666
20.43427,20.99277,21.90366,16.37188
20.43753,20.99602,21.91017,16.41753
20.43753,20.99602,21.90366,16.40231
20.43753,20.99602,21.91017,16.40231
20.43753,20.99602,21.91017,16.40231
20.43101,20.99277,21.90692,16.41753
20.43753,20.99602,21.90692,16.40231
20.43753,21.00253,21.91017,16.41753
20.43101,20.99928,21.91017,16.41753
20.43753,20.99602,21.90692,16.40231
20.43427,21.00253,21.90366,16.41753
20.43101,20.99602,21.90692,16.43274
20.43753,20.99602,21.91017,16.41753
20.43101,21.00253,21.90366,16.40231
20.43101,21.00579,21.91017,16.43274
20.43753,21.00253,21.90366,16.40231
20.43101,20.99928,21.90366,16.43274
20.43101,20.99928,21.90366,16.40231
20.43753,20.99602,21.90366,16.40231
20.43753,20.99928,21.90366,16.41753
20.43427,20.99602,21.90366,16.40231
20.43101,21.00253,21.90366,16.43274
20.40822,21.00253,21.91343,16.43274
20.40822,20.99928,21.90366,16.44796
20.41148,21.00253,21.91017,16.41753
20.40496,21.00253,21.90692,16.43274
20.40822,20.99602,21.91017,16.43274
20.40496,21.00253,21.91017,16.40231
20.40822,21.00253,21.90366,16.41753
20.40822,20.98626,21.90366,16.43274
20.40171,20.99277,21.90366,16.43274
20.41148,21.00253,21.91017,16.43274
20.41148,21.00253,21.91017,16.40231
20.41148,21.00579,21.91017,16.40231
20.41148,20.99602,21.91343,16.41753
20.41148,20.99602,21.91017,16.46317
20.40822,20.99602,21.90692,16.40231
20.41148,20.99602,21.91343,16.44796
20.41148,20.99602,21.91017,16.43274
20.40822,20.99602,21.91668,16.46317
20.40496,20.99928,21.91017,16.43274
20.41473,20.99277,21.89715,16.41753
20.41473,20.99602,21.90692,16.44796
20.41148,21.00904,21.91343,16.44796
20.41148,21.00904,21.90692,16.46317
20.41473,21.0123,21.91668,16.46317
20.41148,21.00904,21.91017,16.47839
20.41148,21.00904,21.91017,16.46317
20.41148,21.00904,21.90366,16.44796
20.41148,20.98951,21.91017,16.43274
20.40496,20.983,21.91017,16.41753
20.41148,20.983,21.90366,16.44796
20.41148,20.98626,21.90366,16.47839
20.41148,20.983,21.91017,16.43274
20.41148,20.98626,21.91668,16.44796
20.40496,20.983,21.91017,16.43274
20.41473,20.97975,21.91017,16.43274
20.40496,20.98626,21.90692,16.47839
20.40496,20.98626,21.90366,16.44796
20.41148,20.98626,21.90692,16.47839
20.41148,20.98951,21.90366,16.46317
20.40822,20.983,21.90692,16.43274
20.40822,20.97975,21.90366,16.44796
20.40496,20.98951,21.90366,16.43274
20.41148,20.97975,21.90692,16.46317
20.40496,20.98951,21.91017,16.43274
20.40822,20.983,21.91017,16.44796
20.40496,20.98951,21.91017,16.44796
20.41148,20.98626,21.91668,16.47839
20.41148,20.97649,21.91668,16.43274
20.40822,20.97649,21.91668,16.46317
20.40822,20.98626,21.91017,16.46317
20.41148,20.98626,21.91017,16.44796
20.41473,20.98951,21.91017,16.43274
20.40822,20.983,21.90692,16.44796
20.41473,20.983,21.91017,16.43274
20.40822,20.983,21.91017,16.44796
20.41148,20.98951,21.90366,16.46317
20.41148,20.97975,21.91017,16.44796
20.42124,20.983,21.91017,16.44796
20.40822,20.98626,21.91343,16.46317
20.40496,20.983,21.91017,16.46317
20.40496,20.983,21.90692,16.4936
20.41148,20.98951,21.91017,16.47839
20.40822,20.97975,21.90366,16.46317
20.41799,20.983,21.90366,16.46317
20.41148,20.98626,21.90366,16.47839
20.40496,20.97975,21.90366,16.43274
20.41148,20.98951,21.91017,16.44796
20.41473,20.97975,21.91017,16.43274
20.41148,20.983,21.91017,16.43274
20.40822,20.97975,21.90366,16.46317
20.41148,20.97975,21.90692,16.44796
20.40171,20.983,21.91017,16.46317
20.40496,20.983,21.90366,16.46317
20.40496,20.983,21.90692,16.43274
20.40822,20.98951,21.90692,16.46317
20.40822,20.983,21.90366,16.4936
20.41473,20.97975,21.90692,16.46317
20.41148,20.983,21.90366,16.46317
20.41799,20.98626,21.90366,16.44796
20.41148,20.983,21.91017,16.43274
20.41148,20.983,21.91017,16.44796
20.41148,20.98951,21.90692,16.43274
20.41473,20.983,21.90692,16.43274
20.41148,20.98951,21.90692,16.47839
20.41799,20.983,21.90366,16.4936
20.41473,20.97649,21.91017,16.44796
20.41148,20.983,21.91017,16.47839
20.41799,20.98626,21.91017,16.50882
20.41148,20.98951,21.91343,16.4936
20.41473,20.97975,21.91017,16.47839
20.41148,20.983,21.91017,16.50882
20.41148,20.98626,21.91017,16.47839
20.41148,20.97975,21.90692,16.46317
20.41799,20.983,21.90366,16.4936
20.41148,20.98951,21.91017,16.4936
20.40822,20.98951,21.90692,16.46317
20.41148,20.983,21.90692,16.46317
20.41148,20.97975,21.88738,16.46317
20.41473,20.983,21.89389,16.46317
20.41473,20.983,21.89063,16.4936
20.41148,20.983,21.88412,16.4936
20.41799,20.98951,21.89063,16.46317
20.41473,20.98626,21.89063,16.46317
20.40822,20.98951,21.88412,16.46317
20.41148,20.97975,21.88412,16.4936
20.40822,20.98626,21.88738,16.47839
20.41148,20.983,21.88412,16.47839
20.41473,20.98951,21.89063,16.4936
20.41148,20.98626,21.88412,16.46317
20.41148,20.98626,21.88412,16.47839
20.41148,20.97975,21.89389,16.53925
20.41148,20.98951,21.88412,16.4936
20.41473,20.98626,21.88738,16.52403
20.41473,20.983,21.89063,16.4936
20.41473,20.983,21.89063,16.47839
20.41148,20.98951,21.88412,16.46317
20.41473,20.98951,21.88738,16.47839
20.40496,20.98626,21.89063,16.4936
20.41148,20.98951,21.88738,16.47839
20.40822,20.983,21.88738,16.52403
20.41148,20.983,21.88738,16.50882
20.41799,20.97975,21.89063,16.52403
20.41148,20.983,21.89063,16.4936
20.41473,20.983,21.89063,16.52403
20.41799,20.97649,21.89063,16.50882
20.41473,20.97975,21.89063,16.4936
20.41148,20.97649,21.88412,16.52403
20.41473,20.983,21.89715,16.50882
20.41799,20.983,21.89063,16.52403
20.41473,20.983,21.88738,16.52403
20.41148,20.983,21.88738,16.50882
20.41148,20.983,21.89063,16.52403
20.41473,20.97975,21.89063,16.55447
20.41799,20.98626,21.88412,16.53925
20.41148,20.98626,21.89063,16.52403
20.41799,20.983,21.88738,16.52403
20.41473,20.98951,21.88738,16.52403
20.41148,20.98951,21.89063,16.52403
20.41148,20.983,21.88412,16.52403
20.41148,20.983,21.89063,16.52403
20.40496,20.97975,21.89063,16.4936
20.41473,20.97975,21.89063,16.50882
20.41473,20.983,21.89389,16.53925
20.41473,20.97649,21.88738,16.52403
20.41799,20.983,21.88412,16.52403
20.41148,20.983,21.89715,16.52403
20.40496,20.98626,21.89063,16.55447
20.41148,20.98626,21.89389,16.52403
20.41148,20.983,21.88412,16.52403
20.41148,20.97649,21.89715,16.4936
20.41799,20.98626,21.89063,16.4936
20.41148,20.983,21.88412,16.52403
20.41799,20.983,21.88738,16.50882
20.41148,20.98626,21.89063,16.53925
20.40496,20.98626,21.89063,16.55447
20.41148,20.98951,21.89063,16.5849
20.41148,20.98951,21.89063,16.55447
20.41473,20.983,21.89389,16.55447
20.41148,20.97649,21.89063,16.55447
20.41799,20.98951,21.89389,16.55447
20.41148,20.983,21.89063,16.56968
20.40822,20.983,21.89063,16.52403
20.41473,20.983,21.88412,16.53925
20.41148,20.98951,21.88738,16.55447
20.41473,20.97975,21.89063,16.53925
20.41799,20.983,21.89063,16.55447
20.41148,20.98951,21.89063,16.55447
20.41148,20.97975,21.89063,16.55447
20.41799,20.983,21.89063,16.52403
20.41473,20.983,21.88412,16.55447
20.41148,20.98626,21.89063,16.5849
20.41473,20.97975,21.89063,16.5849
20.41148,20.983,21.89063,16.56968
20.41473,20.983,21.89063,16.5849
20.41148,20.98951,21.88738,16.5849
20.40822,20.97975,21.89715,16.5849
20.41148,20.983,21.89389,16.5849
20.41148,20.97649,21.89715,16.61533
20.41148,20.97649,21.89715,16.56968
20.40171,20.97649,21.89063,16.56968
20.39845,20.983,21.89063,16.55447
20.38868,20.983,21.89389,16.55447
20.39194,20.983,21.89063,16.56968
20.39519,20.983,21.88412,16.5849
20.39194,20.983,21.89063,16.5849
20.39845,20.98951,21.89063,16.5849
20.39845,20.98626,21.89063,16.60011
20.39194,20.98951,21.88412,16.5849
20.39194,20.983,21.89063,16.5849
20.39194,20.97649,21.89063,16.5849
20.39194,20.98626,21.88738,16.56968
20.39519,20.97649,21.88412,16.56968
20.39194,20.97975,21.88738,16.5849
20.39845,20.97975,21.89389,16.5849
20.38868,20.983,21.89063,16.55447
20.39194,20.983,21.89063,16.56968
20.39194,20.97649,21.88738,16.5849
20.39194,20.97975,21.88412,16.5849
20.39194,20.983,21.89063,16.56968
20.39519,20.97649,21.88412,16.5849
20.39194,20.983,21.88738,16.5849
20.39194,20.983,21.88087,16.55447
20.38868,20.983,21.89063,16.60011
20.39194,20.983,21.89063,16.56968
20.38868,20.98951,21.88412,16.55447
20.38542,20.983,21.89389,16.55447
20.38542,20.97975,21.88738,16.5849
20.38542,20.98626,21.88738,16.5849
20.39194,20.983,21.89063,16.5849
20.39194,20.97649,21.89063,16.55447
20.38868,20.97649,21.89063,16.5849
20.38542,20.983,21.89063,16.5849
20.39194,20.983,21.88412,16.56968
20.39194,20.98951,21.88412,16.5849
20.39519,20.98951,21.89063,16.5849
20.39194,20.97975,21.88412,16.53925
20.38868,20.97649,21.89063,16.60011
20.39194,20.983,21.88738,16.60011
20.39194,20.97649,21.89389,16.5849
20.39194,20.983,21.89715,16.61533
20.39194,20.97975,21.89063,16.56968
20.39194,20.983,21.88738,16.63054
20.38868,20.97649,21.89063,16.61533
20.39194,20.97975,21.88412,16.5849
20.39194,20.983,21.88412,16.55447
20.39194,20.983,21.87761,16.56968
20.38542,20.983,21.87761,16.5849
20.38542,20.97649,21.87761,16.60011
20.38868,20.98951,21.89063,16.60011
20.39194,20.983,21.88412,16.61533
20.39194,20.97649,21.89063,16.5849
20.38868,20.983,21.89063,16.61533
20.39519,20.98626,21.88738,16.56968
20.39194,20.983,21.88412,16.5849
20.38868,20.983,21.89389,16.5849
20.38542,20.98951,21.89063,16.61533
20.39194,20.983,21.89389,16.5849
20.38542,20.983,21.89063,16.60011
20.38868,20.983,21.89063,16.5849
20.38542,20.97975,21.89063,16.61533
20.38868,20.983,21.89063,16.61533
20.38542,20.98626,21.89063,16.61533
20.39194,20.97975,21.89063,16.63054
20.39519,20.983,21.89063,16.64576
20.39194,20.98951,21.88412,16.61533
20.39194,20.97975,21.9004,16.61533
20.39194,20.983,21.88412,16.64576
20.39194,20.97975,21.89063,16.61533
20.39194,20.983,21.89063,16.63054
20.39194,20.983,21.88412,16.61533
20.39194,20.983,21.89063,16.63054
20.39194,20.98626,21.89063,16.61533
20.39845,20.98951,21.89063,16.61533
20.39194,20.983,21.89063,16.61533
20.39845,20.983,21.89063,16.60011
20.39194,20.97649,21.89063,16.61533
20.39194,20.97975,21.88412,16.61533
20.39519,20.98951,21.89063,16.64576
20.39194,20.98626,21.89063,16.64576
20.39519,20.97975,21.89063,16.64576
20.39194,20.983,21.89063,16.64576
20.39194,20.983,21.89389,16.63054
20.39194,20.97975,21.89063,16.61533
20.38868,20.983,21.89389,16.61533
20.39194,20.98626,21.89063,16.64576
20.39194,20.98951,21.88412,16.64576
20.39194,20.983,21.89063,16.70662
20.38542,20.98626,21.89063,16.66097
20.39519,20.97649,21.89063,16.64576
20.39519,20.97649,21.89063,16.64576
20.38868,20.98626,21.88738,16.64576
20.38868,20.983,21.89063,16.66097
20.39194,20.98951,21.88738,16.67619
20.39194,20.983,21.88738,16.67619
20.39194,20.983,21.89063,16.64576
20.39194,20.98951,21.88738,16.66097
20.39194,20.983,21.88738,16.64576
20.39845,20.983,21.89063,16.64576
20.38868,20.98951,21.89063,16.64576
20.38868,20.983,21.89389,16.64576
20.39519,20.98951,21.89063,16.64576
20.39519,20.98626,21.89063,16.66097
20.39194,20.983,21.89063,16.64576
20.38868,20.983,21.88738,16.61533
20.39194,20.97975,21.88412,16.64576
20.39194,20.983,21.89063,16.64576
20.39519,20.983,21.89063,16.66097
20.39519,20.983,21.89063,16.67619
20.39845,20.983,21.89063,16.64576
20.38542,20.97975,21.88738,16.63054
20.39194,20.98951,21.89063,16.61533
20.39194,20.98626,21.88412,16.63054
20.39194,20.983,21.88412,16.63054
20.39194,20.983,21.89063,16.63054
20.39194,20.98626,21.89063,16.64576
20.39194,20.983,21.89063,16.63054
20.39194,20.97323,21.89063,16.63054
20.39845,20.983,21.88412,16.63054
20.39519,20.97649,21.88738,16.61533
20.39194,20.97975,21.89063,16.60011
20.39845,20.983,21.89063,16.61533
20.39194,20.98951,21.89063,16.61533
20.39845,20.983,21.89063,16.64576
20.39194,20.983,21.89063,16.67619
20.39519,20.983,21.89063,16.64576
20.39194,20.983,21.89063,16.61533
20.39194,20.98951,21.89063,16.64576
20.39194,20.97649,21.88412,16.64576
20.39194,20.983,21.89063,16.64576
20.39845,20.983,21.88738,16.64576
20.39519,20.983,21.89063,16.64576
20.39845,20.98626,21.89063,16.66097
20.39194,20.97649,21.88738,16.64576
20.39194,20.97323,21.88738,16.66097
20.40171,20.983,21.89063,16.64576
20.39519,20.983,21.89063,16.66097
20.39194,20.98626,21.89389,16.63054
20.39845,20.97649,21.89063,16.66097
20.39194,20.983,21.89063,16.67619
20.39194,20.983,21.88412,16.64576
20.39194,20.97975,21.88738,16.66097
20.39194,20.98626,21.89063,16.67619
20.39194,20.98951,21.89063,16.66097
20.38542,20.98951,21.88738,16.66097
20.39519,20.98626,21.89389,16.66097
20.39194,20.98951,21.89063,16.64576
20.38868,20.97975,21.89389,16.64576
20.39194,20.983,21.89063,16.67619
20.38868,20.983,21.88412,16.64576
20.39194,20.97975,21.89063,16.66097
20.38868,20.98626,21.89063,16.61533
20.38542,20.98951,21.89063,16.63054
20.38542,20.98626,21.88412,16.64576
20.38542,20.983,21.89063,16.64576
20.38542,20.98951,21.89063,16.64576
20.38868,20.98626,21.88412,16.64576
20.38217,20.983,21.88738,16.64576
20.39194,20.983,21.88738,16.61533
20.39194,20.983,21.88738,16.66097
20.39194,20.983,21.89063,16.63054
20.39194,20.98951,21.89063,16.64576
20.39194,20.98626,21.88738,16.66097
20.38868,20.98626,21.89063,16.66097
20.38542,20.98951,21.89063,16.67619
20.38868,20.983,21.89389,16.67619
20.38542,20.983,21.88412,16.67619
20.38542,20.98626,21.88412,16.64576
20.38542,20.98626,21.88087,16.67619
20.38542,20.983,21.88412,16.67619
20.38542,20.97975,21.88738,16.67619
20.38542,20.97649,21.88412,16.67619
20.38217,20.98951,21.89063,16.6914
20.38868,20.98951,21.89063,16.67619
20.38542,20.983,21.88412,16.66097
20.38868,20.983,21.88738,16.64576
20.38542,20.97975,21.88738,16.67619
20.39194,20.97323,21.88412,16.67619
20.39194,20.983,21.89063,16.6914
20.39519,20.98626,21.88412,16.70662
20.39194,20.983,21.88412,16.6914
20.39194,20.97975,21.88412,16.67619
20.39194,20.98951,21.89063,16.6914
20.39845,20.983,21.88087,16.6914
20.40822,20.983,21.89063,16.67619
20.39194,20.97975,21.88412,16.67619
20.39194,20.98951,21.89715,16.70662
20.39194,20.98951,21.88738,16.67619
20.39194,20.98951,21.89063,16.70662
20.39194,20.98626,21.89063,16.6914
20.39194,20.983,21.89063,16.66097
20.38868,20.98951,21.89063,16.70662
20.39194,20.983,21.89063,16.6914
20.38542,20.983,21.89063,16.67619
20.39194,20.983,21.89063,16.67619
20.39519,20.97649,21.88412,16.67619
20.39194,20.983,21.89063,16.70662
20.38542,20.983,21.88738,16.70662
20.39194,20.983,21.89063,16.6914
20.38868,20.983,21.88412,16.67619
20.39845,20.98626,21.89063,16.70662
20.38868,20.98626,21.89063,16.67619
20.39519,20.98626,21.89063,16.64576
20.39194,20.98951,21.89063,16.72184
20.39194,20.98626,21.89063,16.70662
20.39194,20.983,21.89063,16.6914
20.39194,20.983,21.89063,16.72184
20.39194,20.983,21.88738,16.72184
20.39194,20.983,21.89063,16.73705
20.39194,20.98951,21.88738,16.70662
20.39194,20.98951,21.89063,16.72184
20.40496,20.983,21.88738,16.72184
20.40496,20.983,21.89063,16.72184
20.40496,20.97975,21.88738,16.67619
20.41148,20.983,21.85807,16.64576
20.39845,20.983,21.86459,16.6914
20.40822,20.98626,21.86459,16.67619
20.41148,20.98951,21.86459,16.70662
20.40822,20.983,21.86459,16.6914
20.41148,20.983,21.8711,16.70662
20.40822,20.98951,21.86459,16.67619
20.40822,20.98951,21.86784,16.67619
20.40496,20.98626,21.87761,16.6914
20.40822,20.983,21.86784,16.64576
20.40496,20.98951,21.8711,16.67619
20.40496,20.98951,21.86459,16.67619
20.40496,20.98951,21.86459,16.66097
20.39845,20.983,21.86784,16.6914
20.40496,20.98951,21.86784,16.64576
20.39519,20.983,21.86459,16.67619
20.40496,20.983,21.86784,16.66097
20.39845,20.983,21.86459,16.64576
20.40822,20.983,21.86459,16.61533
20.39845,20.98626,21.85807,16.64576
20.40496,20.98951,21.86459,16.64576
20.40822,20.98626,21.86459,16.63054
20.40496,20.98951,21.86784,16.63054
20.40171,20.983,21.86459,16.64576
20.40171,20.98626,21.86459,16.63054
20.40496,20.97323,21.86784,16.61533
20.40496,20.98951,21.8711,16.64576
20.40171,20.983,21.86133,16.64576
20.40496,20.98951,21.86459,16.63054
20.40496,20.983,21.86784,16.64576
20.40496,20.98626,21.86459,16.61533
20.40496,20.983,21.86459,16.64576
20.39845,20.97975,21.86459,16.61533
20.40171,20.983,21.86459,16.64576
20.40171,20.98951,21.86459,16.61533
20.40496,20.983,21.8711,16.61533
20.40171,20.98951,21.8711,16.61533
20.39845,20.98626,21.8711,16.63054
20.40171,20.98626,21.86459,16.63054
20.40496,20.983,21.8711,16.61533
20.40171,20.97975,21.86459,16.61533
20.41148,20.97975,21.86459,16.5849
20.39845,20.97649,21.8711,16.61533
20.40171,20.97649,21.86459,16.61533
20.40496,20.97649,21.86459,16.60011
20.40496,20.983,21.8711,16.60011
20.40822,20.983,21.8711,16.63054
20.41148,20.98626,21.86459,16.5849
20.40496,20.97975,21.86459,16.60011
20.40496,20.983,21.86459,16.63054
20.40496,20.983,21.86459,16.61533
20.40496,20.983,21.86459,16.5849
20.40496,20.97975,21.86459,16.55447
20.40496,20.983,21.8711,16.61533
20.40822,20.98626,21.86459,16.5849
20.41148,20.97649,21.86784,16.61533
20.40496,20.97649,21.85807,16.60011
20.40496,20.983,21.86459,16.5849
20.40171,20.983,21.86784,16.55447
20.40496,20.98626,21.85807,16.5849
20.39845,20.983,21.86784,16.56968
20.40171,20.98626,21.86459,16.55447
20.40171,20.983,21.86459,16.55447
20.40171,20.98626,21.86459,16.5849
20.40496,20.98626,21.86459,16.56968
20.40496,20.97323,21.8711,16.55447
20.40822,20.97975,21.86459,16.55447
20.40496,20.98951,21.86459,16.53925
20.40822,20.98626,21.86459,16.52403
20.40171,20.97649,21.8711,16.55447
20.39845,20.983,21.8711,16.53925
20.39845,20.97975,21.86459,16.53925
20.40496,20.98951,21.86459,16.52403
20.40496,20.983,21.86784,16.52403
20.39845,20.983,21.86459,16.52403
20.40822,20.98626,21.8711,16.53925
20.40496,20.983,21.86459,16.55447
20.40496,20.983,21.86459,16.53925
20.40496,20.98626,21.86784,16.53925
20.40822,20.98951,21.86459,16.52403
20.40496,20.97975,21.86459,16.53925
20.40496,20.983,21.86459,16.52403
20.40496,20.98626,21.86459,16.55447
20.39845,20.97975,21.86459,16.53925
20.40496,20.983,21.86784,16.53925
20.40822,20.983,21.86459,16.56968
20.40496,20.98626,21.85807,16.52403
20.39845,20.983,21.86459,16.52403
20.39845,20.97975,21.86459,16.52403
20.40171,20.983,21.86459,16.52403
20.39519,20.983,21.86459,16.52403
20.39845,20.98626,21.86459,16.52403
20.40496,20.983,21.85807,16.4936
20.40171,20.96021,21.86459,16.55447
20.39845,20.96347,21.86459,16.50882
20.40496,20.96347,21.8711,16.52403
20.39845,20.96347,21.86784,16.52403
20.40171,20.96021,21.86459,16.52403
20.39845,20.96347,21.8711,16.52403
20.39845,20.96347,21.86459,16.52403
20.40496,20.96347,21.85807,16.52403
20.40496,20.96347,21.86133,16.55447
20.41148,20.96672,21.8711,16.50882
20.40822,20.96021,21.86459,16.50882
20.39845,20.96347,21.86459,16.53925
20.40822,20.97323,21.85807,16.53925
20.40496,20.9537,21.86459,16.52403
20.40496,20.94394,21.86459,16.4936
20.40171,20.96672,21.86459,16.50882
20.40496,20.96672,21.86459,16.4936
20.40496,20.96347,21.86459,16.52403
20.40496,20.96021,21.8711,16.52403
20.39845,20.95696,21.86784,16.50882
20.40496,20.96347,21.86459,16.52403
20.41148,20.95696,21.86133,16.4936
20.40171,20.97649,21.86459,16.4936
20.40171,20.96021,21.86459,16.4936
20.40496,20.96021,21.86459,16.50882
20.40496,20.96347,21.8711,16.4936
20.40496,20.96347,21.86459,16.52403
20.40496,20.96347,21.86459,16.52403
20.39845,20.96998,21.86459,16.52403
20.40496,20.96347,21.86133,16.4936
20.40496,20.96347,21.86133,16.52403
20.40496,20.96347,21.86459,16.4936
20.40171,20.96347,21.86459,16.4936
20.40496,20.96021,21.8711,16.47839
20.40822,20.96347,21.86459,16.55447
20.41148,20.96347,21.86133,16.53925
20.40822,20.96021,21.86459,16.52403
20.41148,20.96347,21.86459,16.52403
20.40171,20.96347,21.86784,16.47839
20.40496,20.96347,21.86459,16.50882
20.40822,20.96347,21.85807,16.52403
20.40822,20.96672,21.86459,16.4936
20.40496,20.96347,21.86784,16.47839
20.40496,20.96021,21.8711,16.4936
20.40822,20.96347,21.86459,16.50882
20.40496,20.96998,21.86784,16.4936
20.40496,20.96347,21.86784,16.50882
20.40496,20.96347,21.86784,16.4936
20.40496,20.96998,21.86459,16.4936
20.40496,20.96347,21.86784,16.47839
20.40822,20.96998,21.86459,16.52403
20.40822,20.96347,21.86459,16.52403
20.40496,20.96347,21.86459,16.4936
20.40496,20.96347,21.86459,16.4936
20.40171,20.96998,21.86459,16.4936
20.40822,20.96672,21.86784,16.4936
20.40496,20.96347,21.86459,16.50882
20.40496,20.96347,21.86459,16.4936
20.40496,20.96347,21.86459,16.50882
20.40496,20.96021,21.86133,16.47839
20.39845,20.96347,21.86133,16.50882
20.40496,20.96347,21.86784,16.46317
20.40822,20.96347,21.86459,16.4936
20.40822,20.96347,21.85807,16.50882
20.40496,20.96672,21.86133,16.4936
20.40496,20.96021,21.86459,16.47839
20.40496,20.96347,21.86459,16.46317
20.40496,20.96021,21.86459,16.52403
20.40496,20.96347,21.86133,16.4936
20.40822,20.96347,21.86133,16.4936
20.41148,20.96347,21.85807,16.52403
20.40822,20.96021,21.86459,16.50882
20.41148,20.96998,21.86784,16.46317
20.40496,20.96021,21.86784,16.4936
20.41148,20.96998,21.86784,16.4936
20.39845,20.96347,21.86459,16.4936
20.40496,20.96347,21.86459,16.47839
20.40171,20.96347,21.86459,16.46317
20.40822,20.96347,21.86459,16.46317
20.38868,20.95696,21.8711,16.47839
20.38542,20.96347,21.86459,16.4936
20.38542,20.96347,21.86459,16.50882
20.37891,20.96021,21.86459,16.50882
20.37891,20.96672,21.86459,16.46317
20.37891,20.96672,21.86459,16.46317
20.38542,20.96998,21.86459,16.4936
20.37565,20.96672,21.86459,16.52403
20.37891,20.96347,21.8711,16.4936
20.37891,20.96347,21.86459,16.4936
20.38542,20.96347,21.85807,16.4936
20.38542,20.96672,21.86459,16.4936
20.38217,20.96672,21.86459,16.4936
20.37891,20.96347,21.86459,16.50882
20.37891,20.96672,21.86459,16.4936
20.38217,20.96998,21.86459,16.4936
20.37891,20.96998,21.86784,16.4936
20.38542,20.95696,21.86459,16.46317
20.37891,20.95696,21.86784,16.52403
20.39194,20.96347,21.86459,16.4936
20.38542,20.96347,21.86133,16.52403
20.38217,20.96347,21.85807,16.52403
20.38542,20.96998,21.86459,16.44796
20.38542,20.96347,21.86459,16.4936
20.38542,20.96021,21.85807,16.4936
20.39194,20.96347,21.85807,16.46317
20.39194,20.96347,21.86459,16.4936
20.38542,20.96347,21.86784,16.4936
20.39194,20.96347,21.86133,16.50882
20.38542,20.96347,21.86459,16.52403
20.37891,20.96021,21.86133,16.4936
20.39194,20.96347,21.86459,16.4936
20.39194,20.96347,21.86459,16.52403
20.38542,20.96347,21.86133,16.4936
20.39194,20.96672,21.86459,16.50882
20.38542,20.96021,21.85807,16.50882
20.38868,20.96672,21.86784,16.52403
20.38542,20.96998,21.86459,16.4936
20.39194,20.96347,21.86459,16.52403
20.38542,20.96347,21.86784,16.52403
20.38542,20.96347,21.85807,16.52403
20.39194,20.96672,21.8711,16.52403
20.39194,20.96672,21.86133,16.50882
20.38542,20.96672,21.86133,16.52403
20.38542,20.96347,21.85807,16.52403
20.38542,20.96347,21.86459,16.52403
20.37891,20.96347,21.86133,16.52403
20.39194,20.9537,21.86459,16.50882
20.38542,20.96347,21.86459,16.53925
20.3724,20.96998,21.8711,16.50882
20.39194,20.96347,21.86459,16.52403
20.39194,20.96347,21.86784,16.53925
20.38217,20.96347,21.86459,16.53925
20.38217,20.95696,21.86459,16.53925
20.37891,20.96347,21.86133,16.55447
20.39194,20.96347,21.86459,16.53925
20.38542,20.96021,21.86459,16.55447
20.38542,20.96347,21.86459,16.55447
20.38542,20.96347,21.86133,16.52403
20.38217,20.96347,21.85807,16.52403
20.38542,20.96998,21.86459,16.55447
20.37891,20.96347,21.86459,16.55447
20.37891,20.96347,21.86133,16.53925
20.38542,20.96347,21.85807,16.55447
20.37891,20.96347,21.86459,16.55447
20.38217,20.96672,21.86459,16.55447
20.37891,20.96347,21.8711,16.55447
20.37891,20.96672,21.86459,16.53925
20.37891,20.96347,21.86784,16.5849
20.37891,20.96347,21.86133,16.55447
20.38542,20.96347,21.86133,16.53925
20.38217,20.96347,21.86459,16.5849
20.37565,20.96998,21.86459,16.56968
20.37891,20.96998,21.86459,16.5849
20.38217,20.96347,21.85807,16.55447
20.38542,20.96998,21.86459,16.52403
20.38868,20.96347,21.85807,16.53925
20.38542,20.96347,21.86133,16.56968
20.38217,20.96347,21.86133,16.55447
20.37891,20.96347,21.86459,16.55447
20.37891,20.95696,21.86133,16.55447
20.39194,20.96672,21.86459,16.56968
20.38542,20.96347,21.86459,16.56968
20.38868,20.96347,21.86133,16.55447
20.38542,20.97975,21.86459,16.55447
20.37891,20.96672,21.86133,16.56968
20.38217,20.96347,21.86459,16.5849
20.38542,20.96672,21.86459,16.55447
20.39194,20.96672,21.86784,16.56968
20.38542,20.96347,21.86133,16.5849
20.38542,20.96347,21.86459,16.53925
20.38542,20.95696,21.86459,16.55447
20.38542,20.96347,21.86459,16.55447
20.39194,20.95696,21.86459,16.55447
20.38542,20.96347,21.86459,16.55447
20.38542,20.96347,21.86133,16.55447
20.38217,20.96347,21.86459,16.56968
20.37891,20.96021,21.86459,16.5849
20.38542,20.96347,21.86459,16.5849
20.38868,20.96347,21.86133,16.5849
20.37891,20.96347,21.86459,16.5849
20.38542,20.96347,21.86133,16.5849
20.38542,20.96347,21.8711,16.5849
20.38217,20.96998,21.86459,16.60011
20.38542,20.96998,21.86133,16.5849
20.38542,20.96347,21.85807,16.56968
20.39194,20.96998,21.86459,16.5849
20.38217,20.96347,21.86459,16.5849
20.39194,20.96998,21.86459,16.5849
20.38542,20.96672,21.86459,16.56968
20.38217,20.96347,21.86133,16.55447
20.39194,20.96347,21.86459,16.55447
20.38542,20.96347,21.85807,16.53925
20.38868,20.96672,21.85807,16.55447
20.37891,20.96347,21.86459,16.5849
20.37891,20.96998,21.86459,16.56968
20.39194,20.96347,21.86459,16.55447
20.39194,20.96672,21.86459,16.56968
20.38542,20.96347,21.85807,16.5849
20.38868,20.96672,21.85807,16.5849
20.38542,20.96672,21.86459,16.53925
20.38542,20.96672,21.86459,16.55447
20.37891,20.96347,21.86459,16.5849
20.38542,20.96347,21.86459,16.5849
20.38542,20.96347,21.86133,16.5849
20.38217,20.96347,21.86459,16.5849
20.38217,20.96672,21.86133,16.5849
20.38542,20.96347,21.86459,16.60011
20.38542,20.96347,21.85807,16.60011
20.38542,20.96998,21.86133,16.5849
20.38217,20.96347,21.86459,16.61533
20.37891,20.96347,21.86459,16.5849
20.38217,20.96672,21.86459,16.60011
20.38217,20.95696,21.86459,16.5849
20.37891,20.96347,21.86133,16.63054
20.37891,20.96347,21.86459,16.61533
20.38542,20.96021,21.86459,16.5849
20.39194,20.96672,21.86133,16.61533
20.38868,20.96347,21.86133,16.61533
20.38542,20.95696,21.86459,16.5849
20.38542,20.96347,21.86459,16.60011
20.39194,20.96672,21.86784,16.60011
20.38217,20.95696,21.86133,16.61533
20.38217,20.96672,21.86459,16.61533
20.37891,20.96347,21.85807,16.61533
20.38868,20.96347,21.86133,16.60011
20.38217,20.96998,21.86459,16.5849
20.37891,20.96021,21.86459,16.5849
20.38542,20.96347,21.85807,16.61533
20.37891,20.96347,21.86459,16.60011
20.37891,20.96347,21.85807,16.60011
20.38217,20.96021,21.85807,16.61533
20.38217,20.96021,21.86459,16.61533
20.37891,20.96672,21.86459,16.61533
20.38542,20.96021,21.85807,16.60011
20.38542,20.96347,21.85807,16.61533
20.39194,20.96998,21.86459,16.64576
20.37891,20.96347,21.86459,16.61533
20.38542,20.96021,21.85807,16.64576
20.37891,20.96347,21.85807,16.66097
20.39194,20.96347,21.86133,16.64576
20.39194,20.96998,21.85807,16.61533
20.38542,20.96998,21.86459,16.63054
20.39194,20.95696,21.86133,16.60011
20.38217,20.9537,21.85807,16.61533
20.38542,20.96021,21.86459,16.64576
20.38542,20.96347,21.86459,16.64576
20.38217,20.96672,21.85807,16.64576
20.38217,20.96347,21.86133,16.60011
20.39519,20.96347,21.86133,16.64576
20.38868,20.96021,21.86459,16.64576
20.39519,20.96347,21.85807,16.61533
20.39845,20.96347,21.86459,16.64576
20.39845,20.96347,21.85807,16.63054
20.39194,20.96347,21.86459,16.60011
20.40171,20.96347,21.86459,16.63054
20.39845,20.96347,21.86459,16.61533
20.39194,20.96021,21.85807,16.63054
20.39194,20.96021,21.85807,16.63054
20.39845,20.96347,21.86133,16.64576
20.40171,20.96347,21.85807,16.61533
20.39194,20.96998,21.86459,16.64576
20.39845,20.96021,21.86459,16.64576
20.39194,20.96021,21.86459,16.63054
20.39194,20.97323,21.86459,16.64576
20.38868,20.96347,21.86459,16.66097
20.39519,20.96347,21.86784,16.66097
20.38542,20.96672,21.85807,16.67619
20.39519,20.96021,21.85807,16.63054
20.39194,20.96021,21.86133,16.64576
20.39194,20.96347,21.85807,16.6914
20.39194,20.95045,21.86133,16.63054
20.39194,20.96347,21.86133,16.66097
20.39845,20.96347,21.86133,16.67619
20.39845,20.9537,21.85807,16.64576
20.38542,20.96347,21.86133,16.64576
20.39194,20.95696,21.86459,16.6914
20.38542,20.96347,21.86133,16.70662
20.39194,20.96672,21.85807,16.67619
20.39519,20.96347,21.86459,16.66097
20.39194,20.96347,21.86459,16.66097
20.38868,20.96347,21.86459,16.66097
20.39194,20.96347,21.86784,16.67619
20.39194,20.96347,21.85807,16.67619
20.38868,20.96347,21.85807,16.66097
20.39519,20.96347,21.86133,16.67619
20.39194,20.96347,21.86133,16.70662
20.39194,20.96998,21.85807,16.64576
20.38542,20.96021,21.86459,16.67619
20.39194,20.96998,21.86459,16.70662
20.39194,20.96347,21.86784,16.6914
20.39194,20.96347,21.86459,16.6914
20.39194,20.96672,21.86459,16.70662
20.39845,20.96347,21.86133,16.6914
20.39519,20.95696,21.86459,16.70662
20.39519,20.96347,21.86459,16.70662
20.39845,20.96347,21.85807,16.70662
20.39194,20.94394,21.86459,16.70662
20.39519,20.95045,21.86459,16.70662
20.39519,20.94394,21.8711,16.67619
20.39194,20.93417,21.86459,16.70662
20.39194,20.95045,21.86459,16.72184
20.39519,20.95045,21.86459,16.70662
20.39194,20.94394,21.85807,16.70662
20.39519,20.95045,21.85807,16.75227
20.38868,20.94394,21.86459,16.70662
20.39519,20.94719,21.86459,16.70662
20.39194,20.94719,21.86133,16.70662
20.39519,20.94068,21.8711,16.70662
20.39194,20.9537,21.86459,16.70662
20.39194,20.94068,21.86459,16.72184
20.39194,20.94394,21.86133,16.70662
20.39845,20.94719,21.86459,16.70662
20.39845,20.94394,21.8711,16.70662
20.39845,20.94394,21.86784,16.70662
20.39845,20.94068,21.86459,16.70662
20.39519,20.94719,21.86459,16.72184
20.39845,20.94719,21.86459,16.6914
20.39845,20.94394,21.86784,16.70662
20.39519,20.94068,21.86459,16.70662
20.39519,20.94394,21.86133,16.70662
20.39519,20.94394,21.86459,16.72184
20.39519,20.94394,21.86459,16.73705
20.37565,20.94394,21.86133,16.73705
20.37891,20.94719,21.86133,16.73705
20.36588,20.94394,21.86459,16.73705
20.36914,20.94068,21.85807,16.70662
20.3724,20.95045,21.85807,16.73705
20.3724,20.94394,21.86459,16.72184
20.3724,20.95045,21.86133,16.70662
20.3724,20.94394,21.85807,16.72184
20.39194,20.94394,21.86459,16.73705
20.39194,20.94394,21.86459,16.72184
20.39845,20.94719,21.86459,16.72184
20.39845,20.94394,21.86784,16.72184
20.39845,20.94719,21.86133,16.73705
20.39845,20.94394,21.86459,16.70662
20.39519,20.94719,21.86133,16.73705
20.39845,20.94394,21.86459,16.75227
20.39845,20.94394,21.86133,16.72184
20.39845,20.94719,21.86133,16.73705
20.39194,20.93417,21.86133,16.73705
20.39845,20.94394,21.86459,16.70662
20.39519,20.94394,21.86133,16.73705
20.39845,20.95045,21.86459,16.73705
20.38868,20.94394,21.86784,16.72184
20.39845,20.94394,21.86459,16.73705
20.39194,20.94394,21.86459,16.73705
20.39194,20.94719,21.86784,16.73705
20.39194,20.95045,21.86459,16.73705
20.39519,20.94394,21.86459,16.75227
20.39194,20.94394,21.86459,16.75227
20.39519,20.94719,21.86459,16.73705
20.39194,20.93743,21.86459,16.7827
20.39194,20.94394,21.86133,16.73705
20.39194,20.94068,21.86459,16.75227
20.39194,20.94394,21.86459,16.73705
20.39194,20.94068,21.86459,16.73705
20.39194,20.94394,21.86133,16.73705
20.39194,20.94068,21.86459,16.76748
20.39194,20.94394,21.86459,16.76748
20.39194,20.94394,21.86784,16.76748
20.39845,20.94394,21.86459,16.76748
20.39194,20.94394,21.86459,16.76748
20.39845,20.93743,21.85807,16.73705
20.39519,20.94068,21.85807,16.76748
20.39845,20.93743,21.86133,16.75227
20.39194,20.94394,21.86133,16.73705
20.39519,20.94394,21.86459,16.76748
20.39194,20.94394,21.86459,16.76748
20.39845,20.94394,21.86459,16.73705
20.39194,20.94394,21.86133,16.72184
20.39845,20.94068,21.86459,16.76748
20.39194,20.94394,21.85807,16.73705
20.39519,20.94394,21.86133,16.76748
20.39519,20.94394,21.86459,16.76748
20.39519,20.94719,21.86459,16.73705
20.39519,20.94394,21.85482,16.73705
20.39845,20.94394,21.86133,16.76748
20.39519,20.94394,21.85807,16.73705
20.39845,20.94068,21.85807,16.73705
20.39845,20.94068,21.86459,16.73705
20.39845,20.94394,21.86459,16.75227
20.39194,20.94068,21.86459,16.76748
20.39519,20.94394,21.85807,16.73705
20.39519,20.94394,21.86133,16.76748
20.40171,20.95045,21.86133,16.75227
20.39519,20.93743,21.85807,16.76748
20.39194,20.93743,21.86784,16.75227
20.39845,20.94068,21.86133,16.75227
20.39194,20.94068,21.86133,16.76748
20.39845,20.94394,21.86133,16.76748
20.39194,20.93743,21.86459,16.76748
20.39519,20.94394,21.86784,16.76748
20.39519,20.94068,21.86459,16.75227
20.39194,20.94068,21.86459,16.76748
20.38868,20.94394,21.86459,16.73705
20.39194,20.94394,21.86459,16.75227
20.39194,20.94394,21.86459,16.73705
20.40171,20.94394,21.86459,16.73705
20.39845,20.94394,21.86459,16.75227
20.39194,20.94394,21.86459,16.79791
20.39194,20.95045,21.86459,16.76748
20.38868,20.94068,21.86459,16.75227
20.39845,20.94394,21.86133,16.7827
20.39194,20.94068,21.86459,16.76748
20.39194,20.95045,21.86459,16.7827
20.39519,20.94394,21.86459,16.79791
20.39194,20.95045,21.86459,16.81313
20.38868,20.95045,21.85807,16.79791
20.39519,20.94394,21.86459,16.81313
20.39194,20.94068,21.86459,16.82834
20.39845,20.94394,21.86459,16.82834
20.39519,20.94719,21.86459,16.76748
20.39194,20.94719,21.86784,16.79791
20.39194,20.93743,21.86133,16.79791
20.39194,20.95045,21.86459,16.76748
20.39194,20.95045,21.86459,16.7827
20.38868,20.93743,21.86133,16.81313
20.39194,20.94394,21.86459,16.76748
20.39194,20.93743,21.86459,16.75227
20.39194,20.93743,21.85807,16.76748
20.39194,20.94068,21.86459,16.76748
20.39194,20.94068,21.86133,16.7827
20.39194,20.94719,21.86133,16.7827
20.38542,20.95045,21.85482,16.79791
20.38542,20.94394,21.85482,16.79791
20.39194,20.94394,21.86459,16.76748
20.39519,20.94394,21.86459,16.76748
20.39194,20.94719,21.86459,16.76748
20.39194,20.94719,21.84179,16.76748
20.39194,20.94719,21.83854,16.76748
20.39194,20.93743,21.83854,16.76748
20.39519,20.94068,21.84505,16.7827
20.39519,20.95045,21.83854,16.79791
20.38868,20.94394,21.84179,16.76748
20.39194,20.94394,21.83854,16.76748
20.38542,20.94719,21.84505,16.76748
20.38868,20.94394,21.84179,16.79791
20.39194,20.94394,21.84179,16.79791
20.39845,20.94719,21.84179,16.7827
20.39194,20.94719,21.84505,16.79791
20.39519,20.95045,21.83854,16.79791
20.39194,20.95045,21.83854,16.82834
20.39845,20.94394,21.84179,16.79791
20.39845,20.94394,21.84505,16.79791
20.39519,20.94394,21.83854,16.79791
20.39845,20.94394,21.84179,16.79791
20.39845,20.94394,21.83854,16.79791
20.39194,20.94719,21.84179,16.82834
20.39519,20.95045,21.84505,16.79791
20.39845,20.94394,21.83854,16.79791
20.39845,20.94394,21.84505,16.82834
20.39194,20.94719,21.84505,16.79791
20.39519,20.94394,21.84505,16.82834
20.39194,20.9537,21.83854,16.82834
20.39194,20.94394,21.83854,16.82834
20.39194,20.94068,21.84505,16.82834
20.39194,20.94394,21.83854,16.79791
20.39845,20.94394,21.84505,16.79791
20.39845,20.94394,21.84505,16.79791
20.40171,20.94394,21.84179,16.82834
20.39519,20.94719,21.83854,16.79791
20.39194,20.94068,21.84505,16.82834
20.39845,20.94394,21.84179,16.82834
20.39845,20.94719,21.84505,16.82834
20.39194,20.9537,21.84505,16.82834
20.40496,20.94394,21.84505,16.82834
20.39194,20.94394,21.83854,16.82834
20.38868,20.95045,21.84505,16.81313
20.39845,20.94394,21.84505,16.85878
20.39194,20.94719,21.84179,16.82834
20.39194,20.93743,21.83854,16.82834
20.39845,20.94394,21.84505,16.82834
20.39194,20.94719,21.84505,16.81313
20.39519,20.94394,21.84179,16.82834
20.39519,20.94394,21.83854,16.82834
20.39194,20.94394,21.84505,16.82834
20.39845,20.95045,21.84179,16.82834
20.39519,20.94719,21.84505,16.82834
20.39194,20.94394,21.84505,16.82834
20.38542,20.95045,21.83854,16.82834
20.38542,20.95045,21.83854,16.85878
20.38542,20.94394,21.83854,16.81313
20.39519,20.93743,21.83854,16.82834
20.39194,20.94719,21.84831,16.82834
20.39194,20.94719,21.84179,16.81313
20.39194,20.94394,21.84179,16.82834
20.39194,20.94394,21.83854,16.82834
20.39194,20.94719,21.83854,16.82834
20.39845,20.95045,21.84505,16.85878
20.39845,20.9537,21.84179,16.84356
20.39194,20.95045,21.84505,16.85878
20.39194,20.95045,21.83854,16.88921
20.39194,20.95045,21.84505,16.87399
20.39845,20.94394,21.84505,16.82834
20.39519,20.95045,21.84179,16.84356
20.39194,20.94719,21.84505,16.85878
20.39845,20.94719,21.84505,16.84356
20.39194,20.94394,21.83854,16.84356
20.39194,20.95045,21.83854,16.85878
20.39845,20.93743,21.83854,16.82834
20.39519,20.94394,21.83854,16.85878
20.39194,20.94394,21.84505,16.82834
20.38542,20.94719,21.84505,16.82834
20.39194,20.94719,21.83854,16.82834
20.39194,20.93743,21.84505,16.82834
20.39845,20.94719,21.84505,16.85878
20.39194,20.94394,21.84505,16.84356
20.39194,20.94394,21.84831,16.85878
20.38868,20.94394,21.83854,16.84356
20.39194,20.94394,21.83854,16.82834
20.39845,20.94394,21.84505,16.84356
20.39519,20.94719,21.84179,16.85878
20.39519,20.94719,21.84505,16.85878
20.39194,20.94394,21.84505,16.85878
20.38868,20.93743,21.84505,16.85878
20.38868,20.94719,21.83854,16.85878
20.39194,20.95045,21.83854,16.87399
20.39845,20.94394,21.84831,16.87399
20.39194,20.95045,21.84505,16.87399
20.38542,20.95045,21.84505,16.88921
20.38868,20.95045,21.84179,16.90442
20.38868,20.94068,21.83854,16.90442
20.39845,20.95045,21.84179,16.87399
20.38868,20.94068,21.84505,16.85878
20.38542,20.94719,21.84505,16.88921
20.39194,20.94068,21.83854,16.85878
20.39194,20.95045,21.84179,16.88921
20.39194,20.94719,21.83854,16.88921
20.38868,20.94394,21.84505,16.87399
20.39194,20.94068,21.84179,16.85878
20.39194,20.95045,21.83854,16.85878
20.38868,20.95045,21.83854,16.85878
20.39194,20.94068,21.83854,16.88921
20.39845,20.93743,21.84505,16.88921
20.38542,20.94394,21.83203,16.87399
20.39194,20.94394,21.84505,16.88921
20.39519,20.94719,21.84505,16.90442
20.39845,20.95045,21.84505,16.91964
20.39194,20.94068,21.84505,16.88921
20.39845,20.94719,21.84179,16.87399
20.39194,20.95045,21.84505,16.85878
20.38868,20.95045,21.83854,16.85878
20.39845,20.94394,21.83854,16.85878
20.39845,20.95045,21.84505,16.88921
20.39194,20.94394,21.84505,16.87399
20.40171,20.94068,21.84505,16.85878
20.39845,20.94394,21.84179,16.87399
20.39194,20.95045,21.85156,16.88921
20.38868,20.95045,21.84505,16.90442
20.39194,20.94068,21.84505,16.90442
20.39845,20.94719,21.84179,16.87399
20.38542,20.94394,21.83854,16.88921
20.39845,20.94394,21.84831,16.88921
20.39519,20.93417,21.84179,16.88921
20.39845,20.94394,21.84505,16.88921
20.39519,20.94394,21.84179,16.88921
20.38868,20.94068,21.83854,16.88921
20.39194,20.93743,21.84179,16.88921
20.39519,20.94394,21.83854,16.88921
20.39519,20.95045,21.84505,16.91964
20.38868,20.94394,21.84505,16.88921
20.38868,20.94719,21.84179,16.85878
20.39519,20.94068,21.84831,16.88921
20.39519,20.95045,21.84179,16.88921
20.39519,20.95045,21.84831,16.88921
20.39519,20.94394,21.84179,16.87399
20.39194,20.94394,21.84505,16.88921
20.39519,20.94068,21.84505,16.88921
20.39519,20.94719,21.84505,16.91964
20.39519,20.94394,21.83854,16.88921
20.39194,20.94394,21.84179,16.91964
20.39194,20.94719,21.83854,16.88921
20.39519,20.95045,21.84505,16.91964
20.39845,20.94068,21.84505,16.88921
20.39194,20.93743,21.83854,16.93485
20.39194,20.94394,21.84179,16.91964
20.39519,20.94394,21.84505,16.91964
20.39194,20.94394,21.84179,16.87399
20.39845,20.94719,21.84179,16.85878
20.39194,20.94068,21.84179,16.88921
20.39194,20.93743,21.83854,16.91964
20.38868,20.94719,21.84505,16.91964
20.39845,20.94394,21.84505,16.91964
20.38868,20.94719,21.84179,16.91964
20.39519,20.94394,21.84505,16.91964
20.39519,20.94719,21.84179,16.91964
20.39194,20.94394,21.84505,16.91964
20.39194,20.94068,21.84505,16.95007
20.39845,20.94394,21.84505,16.90442
20.39194,20.93743,21.84505,16.93485
20.39845,20.94394,21.84505,16.91964
20.40171,20.94394,21.84505,16.91964
20.39194,20.94394,21.84505,16.93485
20.39194,20.95696,21.84505,16.91964
20.39194,20.94719,21.84505,16.91964
20.39845,20.94394,21.83854,16.91964
20.39194,20.94394,21.84179,16.95007
20.39194,20.94394,21.84505,16.91964
20.39845,20.94719,21.84505,16.95007
20.39845,20.95045,21.84505,16.95007
20.39194,20.94394,21.84505,16.90442
20.39194,20.94068,21.84179,16.95007
20.39845,20.95045,21.84505,16.93485
20.39194,20.93743,21.83854,16.95007
20.39845,20.94394,21.83528,16.91964
20.39194,20.94719,21.84179,16.95007
20.39194,20.94394,21.84505,16.95007
20.39519,20.94719,21.84179,16.91964
20.39194,20.94719,21.84505,16.96528
20.39194,20.94394,21.84505,16.91964
20.39845,20.95045,21.84179,16.95007
20.39194,20.95045,21.84179,16.91964
20.39194,20.94394,21.83854,16.95007
20.39194,20.94394,21.84179,16.93485
20.38868,20.94394,21.84179,16.91964
20.39194,20.95045,21.84505,16.93485
20.39519,20.9537,21.84505,16.91964
20.39845,20.94394,21.84505,16.95007
20.39194,20.95045,21.83854,16.91964
20.39845,20.94394,21.83854,16.88921
20.39519,20.94394,21.83854,16.91964
20.39194,20.94719,21.84505,16.90442
20.39194,20.95045,21.84505,16.91964
20.39194,20.95045,21.84179,16.91964
20.39519,20.94394,21.83854,16.91964
20.39194,20.95045,21.83854,16.91964
20.39845,20.94394,21.83854,16.91964
20.39194,20.94719,21.83854,16.93485
20.39845,20.94394,21.83854,16.88921
20.39519,20.94719,21.83528,16.88921
20.39194,20.94068,21.83203,16.88921
20.39845,20.94394,21.84179,16.88921
20.39194,20.94394,21.85156,16.91964
20.40171,20.94394,21.83854,16.88921
20.38868,20.95045,21.84505,16.90442
20.39194,20.94394,21.84179,16.91964
20.39194,20.94068,21.83854,16.91964
20.39194,20.94719,21.84505,16.88921
20.39845,20.93743,21.84179,16.90442
20.39194,20.94719,21.84505,16.88921
20.39845,20.94394,21.84179,16.88921
20.39194,20.94394,21.83854,16.90442
20.39845,20.94719,21.84505,16.91964
20.39194,20.94394,21.84179,16.90442
20.39845,20.95045,21.84179,16.91964
20.39194,20.94394,21.84505,16.91964
20.39194,20.93743,21.83854,16.91964
20.38542,20.94394,21.84505,16.91964
20.38542,20.94719,21.84179,16.91964
20.38868,20.94394,21.84505,16.91964
20.39845,20.94719,21.84505,16.90442
20.39194,20.94719,21.83854,16.91964
20.39845,20.94719,21.83854,16.91964
20.39194,20.94719,21.83854,16.90442
20.39194,20.94719,21.83854,16.88921
20.39194,20.95045,21.84179,16.87399
20.39519,20.95045,21.84505,16.91964
20.39519,20.95045,21.83854,16.90442
20.39194,20.94394,21.84179,16.85878
20.39519,20.94719,21.84505,16.91964
20.39845,20.95045,21.84505,16.88921
20.39845,20.94394,21.84505,16.95007
20.39845,20.94719,21.85156,16.91964
20.39194,20.94068,21.84505,16.95007
20.39194,20.94394,21.83854,16.91964
20.39194,20.95045,21.83854,16.91964
20.39845,20.94394,21.83854,16.91964
20.39519,20.94394,21.84505,16.91964
20.39194,20.95045,21.83854,16.91964
20.39845,20.95045,21.84505,16.88921
20.39845,20.94394,21.84505,16.91964
20.39845,20.94719,21.83854,16.90442
20.39845,20.94394,21.84505,16.91964
20.39845,20.94719,21.84505,16.91964
20.39519,20.94068,21.83854,16.88921
20.39845,20.94394,21.84505,16.87399
20.39845,20.94394,21.84505,16.88921
20.39845,20.95045,21.84179,16.88921
20.39845,20.94719,21.83854,16.88921
20.39194,20.94394,21.84179,16.88921
20.39845,20.94719,21.84505,16.91964
20.39194,20.94394,21.83854,16.90442
20.39519,20.94394,21.84505,16.91964
20.39519,20.94394,21.84505,16.91964
20.40171,20.95045,21.83854,16.88921
20.39845,20.94068,21.85156,16.91964
20.39194,20.94394,21.84505,16.91964
20.39194,20.93743,21.83854,16.91964
20.38868,20.94719,21.84179,16.88921
20.39194,20.93743,21.84179,16.88921
20.39519,20.94068,21.84179,16.91964
20.39194,20.94394,21.84505,16.88921
20.39845,20.95045,21.83854,16.91964
20.39519,20.95045,21.83854,16.90442
20.39519,20.94394,21.84505,16.91964
20.39194,20.94719,21.84179,16.93485
20.39194,20.94394,21.84505,16.88921
20.39194,20.94719,21.83854,16.88921
20.39845,20.94719,21.84179,16.91964
20.39519,20.94394,21.84179,16.90442
20.39194,20.94394,21.83854,16.91964
20.38542,20.95045,21.84505,16.90442
20.39519,20.94394,21.83854,16.93485
20.39194,20.93743,21.84505,16.88921
20.39194,20.94394,21.84179,16.90442
20.39194,20.95045,21.84505,16.90442
20.39519,20.95045,21.84179,16.95007
20.39194,20.95045,21.84179,16.91964
20.39194,20.94394,21.84505,16.88921
20.39845,20.94394,21.84505,16.88921
20.38868,20.94394,21.84179,16.88921
20.39845,20.94394,21.83854,16.90442
20.39519,20.94394,21.83203,16.91964
20.39519,20.94394,21.83203,16.87399
20.39194,20.94068,21.83854,16.88921
20.39845,20.94394,21.84505,16.88921
20.39194,20.94719,21.84505,16.91964
20.39845,20.94394,21.83854,16.88921
20.39194,20.94394,21.83854,16.90442
20.39194,20.94394,21.84179,16.91964
20.39519,20.95045,21.84505,16.87399
20.39194,20.94719,21.84505,16.91964
20.40171,20.94394,21.83854,16.90442
20.39519,20.94394,21.84505,16.88921
20.39194,20.94719,21.84831,16.91964
20.39194,20.94394,21.84505,16.90442
20.39194,20.93743,21.84179,16.91964
20.39194,20.94719,21.84505,16.88921
20.39194,20.94394,21.84179,16.90442
20.39845,20.94068,21.85156,16.91964
20.39194,20.94394,21.84505,16.91964
20.39845,20.94068,21.84179,16.88921
20.39194,20.93743,21.84505,16.88921
20.39194,20.94394,21.83854,16.91964
20.39845,20.94394,21.84505,16.88921
20.39845,20.93743,21.84179,16.88921
20.39194,20.93743,21.83854,16.87399
20.39194,20.9244,21.84505,16.88921
20.39845,20.9244,21.84179,16.85878
20.38868,20.92766,21.83854,16.91964
20.3724,20.92115,21.84505,16.90442
20.3724,20.92115,21.83854,16.88921
20.3724,20.91789,21.83854,16.88921
20.39845,20.9244,21.83854,16.85878
20.39519,20.9244,21.84179,16.87399
20.39194,20.91789,21.83854,16.87399
20.39194,20.9244,21.83528,16.88921
20.38868,20.9244,21.83854,16.88921
20.39194,20.9244,21.83854,16.91964
20.39194,20.91789,21.84505,16.88921
20.39194,20.91789,21.84179,16.90442
20.36588,20.91789,21.84505,16.91964
20.36914,20.91789,21.84505,16.88921
20.39194,20.9244,21.83854,16.93485
20.38542,20.9244,21.83854,16.91964
20.38868,20.92115,21.84505,16.91964
20.39194,20.9244,21.83854,16.88921
20.38542,20.9244,21.83854,16.88921
20.38868,20.93091,21.84179,16.88921
20.38542,20.9244,21.83854,16.88921
20.38868,20.92115,21.84179,16.91964
20.39845,20.9244,21.84179,16.90442
20.40171,20.9244,21.84179,16.88921
20.39194,20.92115,21.84505,16.87399
20.39519,20.92766,21.83854,16.88921
20.39194,20.92115,21.84505,16.87399
20.39519,20.92766,21.84831,16.88921
20.38868,20.92115,21.83854,16.88921
20.39194,20.93091,21.84505,16.88921
20.39194,20.92766,21.84505,16.88921
20.39194,20.9244,21.84505,16.90442
20.39194,20.93091,21.84505,16.95007
20.38542,20.9244,21.83854,16.88921
20.38868,20.9244,21.83854,16.88921
20.39194,20.9244,21.84505,16.87399
20.39194,20.93091,21.83854,16.88921
20.39194,20.9244,21.84179,16.88921
20.39194,20.9244,21.84179,16.91964
20.39519,20.9244,21.84179,16.88921
20.39519,20.9244,21.83854,16.88921
20.39519,20.93091,21.83854,16.85878
20.39194,20.9244,21.84505,16.87399
20.39194,20.92115,21.84179,16.88921
20.38868,20.9244,21.83854,16.85878
20.39845,20.9244,21.84505,16.85878
20.39194,20.9244,21.84179,16.85878
20.38868,20.92115,21.83854,16.85878
20.38868,20.91464,21.83854,16.85878
20.39845,20.91789,21.83854,16.84356
20.38868,20.9244,21.84179,16.87399
20.37891,20.9244,21.83854,16.87399
20.39194,20.92115,21.84505,16.84356
20.38542,20.92766,21.84505,16.84356
20.38542,20.9244,21.84179,16.85878
20.39194,20.93091,21.84505,16.81313
20.39519,20.92115,21.83854,16.85878
20.39194,20.92766,21.83203,16.85878
20.39194,20.92115,21.83854,16.85878
20.39194,20.91789,21.84505,16.85878
20.38868,20.91464,21.83854,16.85878
20.38542,20.9244,21.84505,16.87399
20.38868,20.92115,21.83854,16.85878
20.38868,20.9244,21.84179,16.87399
20.38542,20.91789,21.84179,16.87399
20.38868,20.92115,21.83854,16.88921
20.38868,20.92115,21.83854,16.85878
20.39845,20.9244,21.83854,16.85878
20.38868,20.9244,21.83854,16.85878
20.38868,20.91789,21.83854,16.85878
20.39194,20.9244,21.83854,16.82834
20.39194,20.9244,21.83528,16.82834
20.39194,20.9244,21.84179,16.84356
20.39194,20.92766,21.84179,16.82834
20.38542,20.93091,21.84505,16.88921
20.39194,20.9244,21.83528,16.85878
20.38868,20.92766,21.84505,16.85878
20.39194,20.93091,21.84179,16.85878
20.38868,20.92115,21.84179,16.85878
20.38542,20.9244,21.84505,16.85878
20.39519,20.91789,21.84505,16.85878
20.39519,20.9244,21.83854,16.85878
20.38868,20.9244,21.83854,16.82834
20.38542,20.9244,21.84505,16.82834
20.38868,20.92115,21.84179,16.84356
20.39194,20.9244,21.84179,16.85878
20.38868,20.91789,21.83854,16.84356
20.39519,20.9244,21.84505,16.88921
20.39194,20.9244,21.84831,16.84356
20.39519,20.91789,21.83854,16.85878
20.39194,20.9244,21.84179,16.87399
20.39519,20.9244,21.84179,16.84356
20.39194,20.92115,21.83854,16.88921
20.39194,20.92115,21.84179,16.87399
20.39845,20.92115,21.84179,16.85878
20.38217,20.9244,21.83854,16.85878
20.39845,20.9244,21.84179,16.87399
20.39845,20.9244,21.83854,16.88921
20.39194,20.9244,21.84505,16.85878
20.38868,20.9244,21.84179,16.88921
20.39194,20.9244,21.83854,16.85878
20.38542,20.9244,21.83854,16.85878
20.38542,20.91789,21.83854,16.88921
20.39194,20.9244,21.84505,16.87399
20.38542,20.91789,21.83854,16.88921
20.38542,20.92766,21.84179,16.91964
20.38542,20.92115,21.83854,16.91964
20.39194,20.91464,21.84505,16.88921
20.39519,20.91789,21.84505,16.85878
20.38868,20.92115,21.84179,16.88921
20.39519,20.91789,21.84179,16.88921
20.39194,20.9244,21.84505,16.85878
20.39194,20.9244,21.83854,16.90442
20.38542,20.9244,21.84179,16.88921
20.38542,20.92115,21.84179,16.88921
20.38542,20.9244,21.84505,16.85878
20.39194,20.9244,21.83854,16.88921
20.39194,20.9244,21.83854,16.88921
20.38868,20.93743,21.84179,16.88921
20.39194,20.9244,21.84505,16.88921
20.39194,20.93091,21.84505,16.88921
20.38868,20.9244,21.84831,16.88921
20.38868,20.9244,21.84505,16.91964
20.38542,20.93091,21.83854,16.88921
20.39194,20.92766,21.84505,16.88921
20.39194,20.9244,21.84179,16.88921
20.38868,20.9244,21.84179,16.88921
20.39194,20.92115,21.84505,16.90442
20.38542,20.92766,21.83203,16.88921
20.38542,20.92115,21.83854,16.87399
20.37891,20.9244,21.83854,16.84356
20.38542,20.9244,21.84505,16.85878
20.39519,20.9244,21.83854,16.88921
20.38542,20.9244,21.83854,16.87399
20.38868,20.92115,21.84505,16.88921
20.39845,20.9244,21.83854,16.88921
20.38542,20.9244,21.84505,16.88921
20.39194,20.92766,21.83854,16.88921
20.39194,20.92115,21.83854,16.91964
20.39194,20.91789,21.84179,16.90442
20.39194,20.92766,21.83854,16.95007
20.39194,20.92115,21.83854,16.90442
20.39194,20.92115,21.84505,16.88921
20.38868,20.9244,21.83854,16.91964
20.39194,20.93417,21.84505,16.93485
20.39845,20.91789,21.84179,16.88921
20.38868,20.92766,21.84505,16.95007
20.39519,20.9244,21.84505,16.95007
20.39194,20.93091,21.83854,16.93485
20.39194,20.93091,21.83854,16.95007
20.38217,20.9244,21.83854,16.90442
20.39194,20.91789,21.83528,16.91964
20.39194,20.92766,21.84179,16.93485
20.39194,20.9244,21.84179,16.91964
20.39194,20.9244,21.84505,16.91964
20.38542,20.91789,21.83854,16.95007
20.39194,20.9244,21.83854,16.91964
20.39519,20.9244,21.83854,16.95007
20.39194,20.9244,21.83854,16.95007
20.39845,20.93091,21.84505,16.91964
20.39519,20.93091,21.84179,16.93485
20.38868,20.9244,21.84505,16.95007
20.38868,20.91789,21.83854,16.91964
20.39194,20.9244,21.84505,16.93485
20.38868,20.93091,21.84505,16.96528
20.38542,20.93091,21.84505,16.91964
20.39194,20.92766,21.83854,16.96528
20.39194,20.9244,21.84179,16.96528
20.39194,20.9244,21.84505,16.9805
20.38868,20.93091,21.84505,16.95007
20.39194,20.92115,21.84179,16.95007
20.39194,20.93091,21.83854,16.9805
20.39194,20.9244,21.83854,16.95007
20.39194,20.93091,21.83854,16.9805
20.39194,20.93091,21.84179,16.95007
20.38542,20.93091,21.84505,16.95007
20.39845,20.92766,21.83854,16.95007
20.39194,20.93743,21.84179,16.95007
20.39194,20.93091,21.84505,16.95007
20.39194,20.92115,21.83854,16.93485
20.38542,20.93091,21.83854,16.96528
20.39194,20.9244,21.83528,17.01093
20.38542,20.9244,21.84179,16.9805
20.39194,20.92115,21.84505,16.9805
20.39194,20.9244,21.83854,16.96528
20.39194,20.9244,21.84505,16.9805
20.39194,20.92115,21.84831,16.9805
20.38868,20.9244,21.84179,16.96528
20.39194,20.92766,21.84505,16.96528
20.38868,20.9244,21.83854,16.9805
20.39194,20.9244,21.84179,16.9805
20.39194,20.9244,21.84179,16.96528
20.38868,20.9244,21.83854,16.9805
20.38868,20.9244,21.84179,16.99571
20.38542,20.9244,21.84505,16.9805
20.39194,20.92766,21.84505,16.9805
20.39194,20.92766,21.84505,16.96528
20.39194,20.92766,21.84505,16.99571
20.39194,20.9244,21.84505,16.9805
20.39194,20.93091,21.83854,16.9805
20.38542,20.9244,21.84505,17.01093
20.38868,20.93091,21.84179,17.01093
20.39194,20.9244,21.84505,16.9805
20.39845,20.92115,21.84505,16.96528
20.38868,20.93091,21.84505,17.01093
20.39194,20.9244,21.84505,16.9805
20.38542,20.92766,21.84505,16.9805
20.39194,20.9244,21.84505,17.01093
20.38868,20.92766,21.84505,17.01093
20.39194,20.9244,21.84505,16.99571
20.38542,20.9244,21.84505,17.01093
20.38868,20.9244,21.83854,16.99571
20.38868,20.9244,21.83854,16.9805
20.39194,20.92766,21.83854,17.01093
20.39519,20.9244,21.84505,16.9805
20.39194,20.92766,21.84505,17.01093
20.38542,20.9244,21.84505,16.9805
20.38542,20.92766,21.83854,16.99571
20.39194,20.9244,21.84179,17.01093
20.38868,20.9244,21.83854,17.04136
20.38542,20.9244,21.84179,16.9805
20.39194,20.92115,21.83854,16.9805
20.38542,20.9244,21.84505,16.9805
20.39194,20.9244,21.84505,17.01093
20.39194,20.9244,21.84505,16.99571
20.39194,20.9244,21.84505,16.99571
20.38542,20.9244,21.84179,17.01093
20.38868,20.9244,21.83854,17.01093
20.38542,20.92115,21.83854,17.01093
20.39519,20.9244,21.84505,16.9805
20.38868,20.93091,21.83854,16.99571
20.38542,20.9244,21.83854,17.01093
20.39194,20.92115,21.83854,17.05658
20.39194,20.9244,21.83854,17.04136
20.38542,20.9244,21.84179,17.04136
20.37891,20.92115,21.84505,17.01093
20.35937,20.92766,21.84505,17.02615
20.36588,20.9244,21.84179,17.04136
20.36588,20.92766,21.84505,17.01093
20.36263,20.9244,21.83854,17.01093
20.3724,20.9244,21.84505,17.01093
20.3724,20.92115,21.83854,17.04136
20.3724,20.92115,21.84179,17.04136
20.36588,20.92115,21.84505,17.01093
20.3724,20.9244,21.83854,17.04136
20.39194,20.9244,21.83854,17.05658
20.39194,20.92766,21.84505,17.07179
20.39194,20.9244,21.83854,17.07179
20.39194,20.9244,21.84505,17.04136
20.38542,20.9244,21.83854,17.05658
20.38542,20.9244,21.84831,17.08701
20.38868,20.9244,21.84505,17.11744
20.38542,20.93091,21.84179,17.07179
20.38542,20.92766,21.83854,17.08701
20.38868,20.9244,21.83854,17.10222
20.39194,20.9244,21.84179,17.08701
20.38542,20.92766,21.83854,17.05658
20.39194,20.92115,21.83854,17.08701
20.39519,20.93091,21.84179,17.10222
20.39845,20.9244,21.83854,17.07179
20.39194,20.93091,21.84505,17.07179
20.39194,20.93091,21.84505,17.10222
20.39845,20.92766,21.83854,17.07179
20.39194,20.91789,21.83854,17.10222
20.38542,20.9244,21.83854,17.10222
20.38542,20.9244,21.83854,17.10222
20.38542,20.93091,21.84505,17.10222
20.39194,20.9244,21.83854,17.08701
20.39194,20.92766,21.83854,17.10222
20.39194,20.9244,21.83854,17.10222
20.38542,20.9244,21.83854,17.10222
20.38542,20.92115,21.83854,17.08701
20.39194,20.9244,21.84179,17.10222
20.39194,20.93091,21.84505,17.07179
20.38542,20.9244,21.83854,17.11744
20.39194,20.9244,21.83854,17.08701
20.39194,20.93091,21.84179,17.08701
20.38868,20.92766,21.83854,17.13265
20.39194,20.92115,21.84179,17.07179
20.39194,20.93091,21.84179,17.10222
20.39194,20.9244,21.83854,17.07179
20.39194,20.9244,21.83854,17.10222
20.39194,20.9244,21.83528,17.08701
20.39194,20.93417,21.84179,17.10222
20.38868,20.92115,21.84505,17.08701
20.39194,20.9244,21.84179,17.11744
20.38542,20.9244,21.83854,17.10222
20.38868,20.92115,21.83854,17.11744
20.39194,20.9244,21.84179,17.10222
20.39194,20.92766,21.83854,17.13265
20.39845,20.9244,21.83203,17.16309
20.39194,20.92115,21.84179,17.11744
20.39194,20.92766,21.84505,17.13265
20.39194,20.92115,21.84505,17.13265
20.39194,20.92115,21.84505,17.13265
20.39519,20.9244,21.84505,17.14787
20.39845,20.92766,21.84831,17.13265
20.39194,20.9244,21.83854,17.13265
20.39519,20.9244,21.84179,17.14787
20.39194,20.9244,21.83854,17.13265
20.39194,20.9244,21.83854,17.13265
20.39194,20.9244,21.83854,17.13265
20.39194,20.9244,21.83854,17.13265
20.39194,20.92115,21.83854,17.10222
20.39519,20.92115,21.84505,17.11744
20.39194,20.9244,21.83854,17.13265
20.39519,20.9244,21.84505,17.13265
20.39845,20.93091,21.83854,17.16309
20.38542,20.92766,21.84179,17.10222
20.39194,20.92115,21.83854,17.13265
20.38542,20.91789,21.84179,17.14787
20.38868,20.92766,21.84179,17.14787
20.39194,20.92766,21.84179,17.14787
20.39194,20.91789,21.84179,17.13265
20.39194,20.9244,21.83854,17.14787
20.39194,20.92115,21.84505,17.13265
20.38868,20.9244,21.84505,17.13265
20.39194,20.9244,21.84831,17.13265
20.39194,20.9244,21.84831,17.10222
20.39194,20.92766,21.83854,17.13265
20.38868,20.9244,21.84505,17.11744
20.39194,20.9244,21.84179,17.13265
20.38868,20.93091,21.84179,17.13265
20.39845,20.9244,21.84179,17.16309
20.38868,20.9244,21.84179,17.13265
20.39194,20.9244,21.84505,17.13265
20.39194,20.92766,21.83854,17.14787
20.38868,20.9244,21.84505,17.13265
20.38542,20.9244,21.84505,17.16309
20.38868,20.9244,21.84505,17.13265
20.38542,20.9244,21.84505,17.16309
20.38868,20.9244,21.84179,17.1783
20.39194,20.93091,21.83854,17.16309
20.38542,20.9244,21.83528,17.16309
20.39519,20.9244,21.84179,17.16309
20.38868,20.9244,21.84179,17.14787
20.38542,20.9244,21.83854,17.13265
20.38542,20.9244,21.84505,17.16309
20.38542,20.9244,21.84505,17.16309
20.39194,20.93091,21.83854,17.16309
20.38542,20.9244,21.83854,17.16309
20.39194,20.91789,21.84505,17.1783
20.38542,20.91789,21.84505,17.19352
20.38868,20.91789,21.84505,17.16309
20.39194,20.91789,21.83528,17.16309
20.38868,20.9244,21.83854,17.14787
20.39194,20.92766,21.84179,17.19352
20.39194,20.9244,21.84179,17.16309
20.38868,20.92115,21.84505,17.16309
20.39194,20.9244,21.84505,17.19352
20.39519,20.9244,21.83854,17.19352
20.39845,20.9244,21.83854,17.16309
20.38542,20.9244,21.83854,17.19352
20.39194,20.9244,21.84505,17.20873
20.38868,20.92115,21.84505,17.1783
20.38542,20.9244,21.83854,17.1783
20.39845,20.91789,21.83854,17.1783
20.38868,20.91789,21.83528,17.1783
20.39519,20.92115,21.84505,17.16309
20.39519,20.9244,21.84179,17.16309
20.39519,20.9244,21.84505,17.1783
20.39194,20.91789,21.84179,17.19352
20.39194,20.9244,21.84505,17.1783
20.39194,20.92766,21.83854,17.16309
20.39194,20.9244,21.84179,17.1783
20.39194,20.9244,21.84505,17.20873
20.39194,20.9244,21.84179,17.19352
20.39194,20.92766,21.84505,17.19352
20.39845,20.9244,21.84505,17.1783
20.39194,20.93091,21.84179,17.22395
20.39194,20.9244,21.84179,17.1783
20.38868,20.9244,21.83854,17.1783
20.38542,20.9244,21.83854,17.19352
20.38542,20.92766,21.84505,17.19352
20.38542,20.9244,21.84505,17.20873
20.38542,20.9244,21.84831,17.19352
20.38542,20.9244,21.83854,17.19352
20.38542,20.9244,21.83854,17.16309
20.38542,20.92115,21.83854,17.1783
20.38542,20.9244,21.83854,17.22395
20.39194,20.9244,21.84505,17.20873
20.38542,20.9244,21.83203,17.19352
20.38868,20.9244,21.83854,17.1783
20.39194,20.9244,21.84179,17.20873
20.39194,20.9244,21.84505,17.19352
20.39194,20.9244,21.84505,17.1783
20.38868,20.9244,21.85156,17.20873
20.39194,20.92766,21.83528,17.19352
20.39194,20.9244,21.84505,17.25438
20.38868,20.9244,21.84505,17.23916
20.38868,20.91789,21.84505,17.22395
20.39194,20.93091,21.84505,17.22395
20.39519,20.9244,21.84505,17.19352
20.39519,20.92115,21.83854,17.20873
20.38868,20.9244,21.83854,17.22395
20.39194,20.9244,21.84179,17.19352
20.39194,20.92766,21.84505,17.19352
20.39519,20.9244,21.84505,17.20873
20.39194,20.9244,21.83854,17.1783
20.39194,20.92115,21.84505,17.23916
20.39194,20.9244,21.84179,17.22395
20.39194,20.9244,21.84179,17.22395
20.39194,20.9244,21.83854,17.20873
20.39194,20.9244,21.84505,17.22395
20.39194,20.92766,21.84505,17.22395
20.39194,20.9244,21.84505,17.19352
20.39519,20.92766,21.83854,17.22395
20.39519,20.92766,21.84505,17.22395
20.39194,20.9244,21.83854,17.19352
20.39194,20.9244,21.84505,17.22395
20.39519,20.9244,21.84179,17.22395
20.39519,20.9244,21.84505,17.20873
20.39194,20.92115,21.84179,17.23916
20.38217,20.9244,21.83854,17.23916
20.39194,20.92766,21.84505,17.25438
20.38542,20.9244,21.84505,17.22395
20.39194,20.9244,21.84179,17.22395
20.39194,20.9244,21.83854,17.22395
20.38868,20.9244,21.84831,17.22395
20.39194,20.9244,21.84505,17.23916
20.39519,20.91789,21.83854,17.22395
20.38868,20.9244,21.84179,17.22395
20.39194,20.9244,21.84505,17.22395
20.39194,20.9244,21.84505,17.23916
20.39194,20.92766,21.84505,17.25438
20.39194,20.92115,21.84505,17.23916
20.39194,20.92115,21.83854,17.26959
20.39194,20.9244,21.83854,17.25438
20.39845,20.9244,21.83854,17.25438
20.39194,20.9244,21.83528,17.28481
20.39194,20.9244,21.84179,17.25438
20.39194,20.9244,21.84831,17.28481
20.39194,20.92115,21.83528,17.25438
20.39194,20.9244,21.83854,17.30002
20.39519,20.92115,21.83528,17.28481
20.39194,20.93091,21.84505,17.31524
20.39194,20.9244,21.84505,17.28481
20.39519,20.9244,21.84505,17.28481
20.39194,20.9244,21.83854,17.28481
20.39194,20.92766,21.83854,17.26959
20.39194,20.9244,21.84179,17.28481
20.38542,20.93091,21.84505,17.31524
20.39194,20.92766,21.83203,17.28481
20.39519,20.9244,21.83203,17.26959
20.38868,20.9244,21.84179,17.28481
20.39194,20.92115,21.83854,17.28481
20.39194,20.91789,21.84505,17.26959
20.39194,20.9244,21.84831,17.31524
20.39845,20.91138,21.84179,17.31524
20.39194,20.92115,21.83854,17.28481
20.38542,20.92115,21.84505,17.30002
20.39519,20.93091,21.85156,17.28481
20.39194,20.92766,21.83854,17.30002
20.39845,20.92766,21.84505,17.31524
20.39519,20.92115,21.83854,17.31524
20.39519,20.9244,21.83854,17.31524
20.39194,20.9244,21.83854,17.31524
20.39194,20.92115,21.83854,17.28481
20.38868,20.9244,21.84505,17.33046
20.38868,20.92115,21.83854,17.33046
20.39194,20.92115,21.84505,17.3761
20.38868,20.9244,21.84505,17.36089
20.39194,20.9244,21.84179,17.31524
20.38217,20.9244,21.84179,17.33046
20.38868,20.92766,21.84179,17.34567
20.39194,20.93091,21.84505,17.3761
20.39194,20.9244,21.84505,17.3761
20.39194,20.9244,21.84179,17.39132
20.39519,20.93091,21.83854,17.34567
20.38542,20.93091,21.83854,17.3761
20.38868,20.9244,21.84505,17.3761
20.39194,20.92766,21.84179,17.34567
20.38542,20.91789,21.84505,17.3761
20.39519,20.92766,21.83854,17.3761
20.39194,20.9244,21.83854,17.3761
20.39194,20.92115,21.83854,17.36089
20.39519,20.9244,21.84505,17.3761
20.38542,20.9244,21.84505,17.3761
20.39194,20.9244,21.83854,17.3761
20.39519,20.9244,21.84831,17.40653
20.38868,20.9244,21.84505,17.40653
20.38868,20.91789,21.83854,17.43696
20.39194,20.9244,21.84505,17.40653
20.38542,20.92766,21.83854,17.39132
20.38868,20.92115,21.84179,17.36089
20.39194,20.9244,21.83854,17.40653
20.39194,20.9244,21.84505,17.39132
20.39194,20.93091,21.84505,17.42175
20.38868,20.9244,21.84179,17.36089
20.39519,20.92115,21.84179,17.39132
20.39519,20.9244,21.84505,17.3761
20.39194,20.9244,21.84179,17.40653
20.39194,20.9244,21.85156,17.3761
20.38542,20.9244,21.84505,17.40653
20.39194,20.9244,21.83854,17.43696
20.38542,20.92766,21.83854,17.42175
20.38542,20.9244,21.84505,17.40653
20.38868,20.9244,21.84505,17.43696
20.39194,20.9244,21.84179,17.40653
20.39194,20.93091,21.84505,17.40653
20.39194,20.9244,21.83528,17.42175
20.39194,20.9244,21.83854,17.42175
20.38868,20.9244,21.84505,17.43696
20.38542,20.92766,21.84505,17.42175
20.38542,20.9244,21.84179,17.45218
20.38542,20.9244,21.84505,17.42175
20.38868,20.92766,21.83854,17.43696
20.38542,20.9244,21.84505,17.42175
20.38868,20.92766,21.83854,17.43696
20.38542,20.92766,21.84505,17.40653
20.38542,20.9244,21.83854,17.4674
20.39194,20.9244,21.84179,17.42175
20.39194,20.9244,21.84505,17.43696
20.39519,20.92115,21.84505,17.40653
20.39519,20.9244,21.84505,17.43696
20.38542,20.9244,21.83528,17.43696
20.38217,20.91464,21.83854,17.45218
20.38868,20.91789,21.83854,17.42175
20.38542,20.9244,21.84505,17.40653
20.39194,20.9244,21.84179,17.42175
20.39194,20.93091,21.84505,17.42175
20.39194,20.9244,21.84179,17.43696
20.39194,20.92766,21.84505,17.45218
20.39194,20.9244,21.83854,17.45218
20.39519,20.92766,21.84179,17.42175
20.39194,20.9244,21.84505,17.4674
20.38868,20.92115,21.84505,17.42175
20.38542,20.9244,21.84179,17.4674
20.38542,20.91789,21.83854,17.43696
20.38217,20.92766,21.83203,17.43696
20.38868,20.92115,21.84179,17.4674
20.39194,20.92115,21.83854,17.4674
20.37891,20.9244,21.84831,17.4674
20.38868,20.9244,21.83854,17.45218
20.39194,20.9244,21.83854,17.4674
20.39194,20.92115,21.84505,17.4674
20.38542,20.92115,21.84505,17.4674
20.39845,20.92115,21.84505,17.49783
20.39194,20.92115,21.84179,17.48261
20.39194,20.9244,21.83854,17.49783
20.39519,20.9244,21.84505,17.4674
20.39194,20.9244,21.83854,17.4674
20.38542,20.9244,21.84505,17.4674
20.39194,20.9244,21.83854,17.51304
20.38542,20.9244,21.83854,17.49783
20.39194,20.9244,21.83854,17.4674
20.39194,20.92115,21.83854,17.4674
20.39194,20.92766,21.83528,17.48261
20.39519,20.92766,21.83528,17.4674
20.39194,20.9244,21.83854,17.4674
20.38542,20.9244,21.83854,17.49783
20.39519,20.92115,21.83854,17.52826
20.39845,20.9244,21.83854,17.49783
20.39519,20.9244,21.83528,17.48261
20.39194,20.91789,21.83854,17.49783
20.39194,20.92115,21.83854,17.49783
20.38868,20.93417,21.83854,17.49783
20.39194,20.92766,21.83854,17.49783
20.38868,20.9244,21.83528,17.49783
20.38868,20.91789,21.83854,17.49783
20.39519,20.92115,21.83854,17.52826
20.38868,20.93091,21.84505,17.52826
20.38868,20.9244,21.83854,17.51304
20.38542,20.9244,21.84505,17.49783
20.39194,20.9244,21.83854,17.52826
20.39194,20.9244,21.84505,17.51304
20.38542,20.9244,21.84505,17.48261
20.39194,20.9244,21.84179,17.48261
20.38542,20.9244,21.83854,17.48261
20.39194,20.92115,21.83854,17.49783
20.38868,20.9244,21.83854,17.45218
20.39194,20.92766,21.84179,17.52826
20.38542,20.9244,21.84505,17.49783
20.38542,20.91789,21.83854,17.49783
20.39194,20.92766,21.83528,17.51304
20.38868,20.9244,21.84505,17.49783
20.39194,20.9244,21.84179,17.51304
20.39194,20.9244,21.84505,17.48261
20.38542,20.92115,21.84505,17.52826
20.39519,20.9244,21.84505,17.54347
20.38868,20.9244,21.84505,17.52826
20.39194,20.9244,21.83854,17.52826
20.39845,20.9244,21.83854,17.49783
20.39194,20.92766,21.84505,17.51304
20.38868,20.9244,21.84505,17.49783
20.39194,20.92115,21.84505,17.49783
20.39194,20.9244,21.84179,17.58912
20.39519,20.91464,21.84179,17.58912
20.39519,20.9244,21.84505,17.51304
20.39194,20.9244,21.84179,17.49783
20.39519,20.93091,21.84179,17.54347
20.39194,20.92766,21.83854,17.52826
20.39194,20.93091,21.84505,17.54347
20.39519,20.9244,21.84179,17.54347
20.39194,20.92766,21.83854,17.52826
20.39194,20.9244,21.83854,17.52826
20.39845,20.9244,21.83854,17.55869
20.39194,20.9244,21.84505,17.55869
20.39194,20.92115,21.84831,17.54347
20.39194,20.91789,21.84179,17.54347
20.39194,20.9244,21.84505,17.52826
20.39194,20.9244,21.84179,17.52826
20.38868,20.9244,21.83854,17.5739
20.39845,20.92766,21.84179,17.55869
20.39845,20.9244,21.84505,17.5739
20.39519,20.92115,21.84505,17.5739
20.39194,20.93091,21.84505,17.55869
20.39519,20.91789,21.84505,17.52826
20.39519,20.9244,21.84505,17.55869
20.38868,20.9244,21.84505,17.55869
20.39519,20.9244,21.84505,17.58912
20.39845,20.9244,21.84505,17.61955
20.39519,20.92115,21.83854,17.58912
20.39194,20.9244,21.84179,17.5739
20.39194,20.9244,21.83854,17.5739
20.39845,20.9244,21.84505,17.5739
20.39194,20.9244,21.84179,17.58912
20.38868,20.91789,21.83854,17.58912
20.39519,20.9244,21.84505,17.58912
20.39519,20.92766,21.84505,17.58912
20.39845,20.93091,21.83854,17.58912
20.39194,20.9244,21.84505,17.61955
20.39845,20.92766,21.84505,17.58912
20.39194,20.93091,21.83854,17.61955
20.39194,20.91789,21.84505,17.60433
20.39194,20.9244,21.84505,17.60433
20.38542,20.92115,21.84505,17.63477
20.39845,20.9244,21.84505,17.58912
20.39194,20.9244,21.84505,17.58912
20.37565,20.91789,21.83854,17.58912
20.39194,20.93417,21.84505,17.61955
20.39845,20.94394,21.84505,17.61955
20.39194,20.94394,21.84505,17.61955
20.39845,20.94068,21.84505,17.63477
20.39845,20.94068,21.84179,17.63477
20.39194,20.94719,21.84505,17.68041
20.39194,20.94394,21.84505,17.63477
20.39519,20.94394,21.83854,17.64998
20.39845,20.93743,21.84179,17.68041
20.39194,20.94394,21.84505,17.68041
20.39519,20.94394,21.83854,17.64998
20.39194,20.94394,21.84179,17.64998
20.39194,20.95045,21.83854,17.6652
20.39519,20.94394,21.84505,17.6652
20.39519,20.94394,21.84505,17.71084
20.39845,20.94719,21.84179,17.68041
20.40171,20.95045,21.84505,17.68041
20.39194,20.94394,21.84505,17.64998
20.39194,20.94394,21.84179,17.6652
20.38542,20.95045,21.84831,17.68041
20.38868,20.95045,21.83854,17.71084
20.38868,20.94719,21.84505,17.71084
20.39194,20.94394,21.83854,17.68041
20.39194,20.94394,21.83854,17.68041
20.39194,20.94394,21.84179,17.64998
20.39519,20.94068,21.84505,17.64998
20.39194,20.95045,21.84505,17.69563
20.39194,20.95045,21.84505,17.68041
20.39194,20.93743,21.84505,17.68041
20.39194,20.94719,21.83854,17.72606
20.39845,20.94068,21.84505,17.71084
20.39194,20.94719,21.84505,17.69563
20.38868,20.94394,21.84179,17.68041
20.39194,20.94394,21.84505,17.69563
20.39194,20.94394,21.84179,17.71084
20.39194,20.93743,21.84505,17.71084
20.38542,20.94394,21.84505,17.71084
20.38868,20.94394,21.84505,17.71084
20.38542,20.94394,21.83854,17.71084
20.39194,20.94394,21.83854,17.72606
20.39194,20.94068,21.84505,17.71084
20.39194,20.94394,21.84505,17.74127
